 ,,,,,,,
,Order ID,Item ID,Item Description,Quantity,Unit Price When Sold,Shipment,Comments
,250101AH197U0K,S25-LDHAMP-LVDN,Laundry Hamper - Large Dark Blue Varying Dinosaurs,1,195.00,33,
,250101AQ19SDCA,S27-SLCAPD-2PCG,Silicone Case Bluetooth Earphones - Pro 2nd Gen - Controller - Gray,1,169.00,35,
,250101AQKYQ9XP,S26-RFIDMC-PLGN,RFID Card Wallet with Money Clip - Plain Green,1,239.00,34,
,250101AUCCJ562,S19-WBKEND-WLQ0,Wooden Bookend - Dark Walnut Large Square No Logo,2,279.00,31,
,250101B5BGFCBM,S10-LDHAMP-SDIN,Laundry Hamper - Small Dinosaurs,1,99.00,37,
,250101B6D581JK,S30-LMSWST-BK95,Plain Leather Magsafe Snap On Wallet with Stand - Black 9.5,1,199.00,39,
,250101B6NAFP8N,S28-GRWBG2-BK10,Gardening Grow Bag Design 2 - Black - 10 Gallon (40*30cm),5,79.00,39,
,250101B6NAFP8N,S28-GRWBG2-BK01,Gardening Grow Bag Design 2 - Black - 1 Gallon (18*15cm) no handle,20,25.00,34,
,250101B6NAFP8N,S30-GRWBG2-BK07,Gardening Grow Bag Design 2 - Black - 7 Gallon (35*30cm),20,59.00,39,
,250101B8YK3BAD,S30-LMSWST-BK95,Plain Leather Magsafe Snap On Wallet with Stand - Black 9.5,1,199.00,39,
,250101B8YK3BAD,S38-CLSPCH-SBLK,Auto-close Silicone Pouch - Small Black,1,39.00,38,
,250101BHE8A4G0,S30-LMSWST-BK95,Plain Leather Magsafe Snap On Wallet with Stand - Black 9.5,1,199.00,39,
,250101BMF0090Y,S28-GRWBG2-LB05,Gardening Grow Bag Design 2 - Light Brown - 5 Gallon (30*25cm),5,59.00,35,
,250101BUA59NQ4,S31-LMSWST-YW95,Plain Leather Magsafe Snap On Wallet with Stand - Yellow 9.5,1,195.00,39,
,250101BUNU4BYF,S30-LMSWST-BK95,Plain Leather Magsafe Snap On Wallet with Stand - Black 9.5,1,199.00,39,
,250101BWMKJF3P,S19-LDHAMP-MEXC,Laundry Hamper - Medium Excavator,1,159.00,25,
,250101C2DDY2T3,S05-RFIDWL-GRAY,RFID Card Wallet - Gray,1,55.00,35,
,250101C2DDY2T3,S05-RFIDWL-RGLD,RFID Card Wallet - Rose Gold,1,55.00,31,
,250101C2DDY2T3,S05-RFIDWL-BLCK,RFID Card Wallet - Black,1,55.00,35,
,250101C2FFUD8E,S30-LMSWST-BK95,Plain Leather Magsafe Snap On Wallet with Stand - Black 9.5,1,199.00,39,
,250101CA24N9U6,S16-DIACO1-SPNK,Diatomite Coaster Design 1 - Hard - Square Pink,1,29.00,27,
,250101CA24N9U6,S16-DIACO1-SLBL,Diatomite Coaster Design 1 - Hard - Square Light Blue,1,29.00,29,
,250101CA42MDM3,S31-COLTWL-GREN,Microfiber Cooling Towel (30*80cm)  - Green,5,25.00,38,
,250101CA42MDM3,S31-COLTWL-VLET,Microfiber Cooling Towel (30*80cm)  - Violet,5,25.00,38,
,250101CA5CM9RF,S14-MGSWLT-BLCK,Magsafe Wallet - Black,1,139.00,35,
,250101CAJUNV7U,S13-MNYCLP-SLVR,Money Clip Steel - Silver,2,39.00,31,
,250101CE1S80C5,S30-LMSWST-BK95,Plain Leather Magsafe Snap On Wallet with Stand - Black 9.5,1,199.00,39,
,250101CM4U1CTJ,S06-LDHAMP-LPEN,Laundry Hamper - Large Penguin,1,199.00,35,
,250101CM4U1CTJ,S06-LDHAMP-LHPP,Laundry Hamper - Large Hippo,1,199.00,31,
,250101CMEHW8M0,S30-LMSWST-BK95,Plain Leather Magsafe Snap On Wallet with Stand - Black 9.5,1,199.00,39,
,250101CMHTSCMM,S22-LDHAMP-MGCB,Laundry Hamper - Medium Green Cloud Bear,1,155.00,31,
,250101CRFEGFS4,S31-LMSWST-BN95,Plain Leather Magsafe Snap On Wallet with Stand - Brown 9.5,1,195.00,39,
,250101CT166Q3T,S30-LMSWST-BK95,Plain Leather Magsafe Snap On Wallet with Stand - Black 9.5,1,199.00,39,
,250101CUVJ089G,S27-APDCSE-SBP2,Airpod Case - Side Lock Style - Black - Pro 2nd Gen,1,159.00,37,
,250101CUVJ089G,S31-APDCSE-SGR3,Airpod Case - Side Lock Style - Green - Regular 3rd Gen,1,159.00,33,
,250101CUW7W4WN,S11-DIACO1-RGRY,Diatomite Coaster Design 1 - Hard - Round Gray,2,20.00,36,
,250101CUW7W4WN,S18-DIACO1-RDGY,Diatomite Coaster Design 1 - Hard - Round Dark Gray,2,22.50,31,
,250101CWGJ57WV,S06-LDHAMP-LELE,Laundry Hamper - Large Elephant,1,199.00,35,
,250101CXT0NQCF,S26-RFIDMC-HCBK,RFID Card Wallet with Money Clip - Honeycomb Black,1,299.00,40,
,250101CXT0NQCF,S34-RFIDMC-PPUR,RFID Card Wallet with Money Clip - Plain Purple,1,239.00,38,
,250102D4CUPK07,S05-RFIDWL-GRAY,RFID Card Wallet - Gray,1,55.00,35,
,250102D4CUPK07,S05-RFIDWL-RGLD,RFID Card Wallet - Rose Gold,2,55.00,31,
,250102D4CUPK07,S05-RFIDWL-BLCK,RFID Card Wallet - Black,2,55.00,35,
,250102D4EXF690,S11-LDHAMP-MGBY,Laundry Hamper - Medium Gray Bunny,1,159.00,37,
,250102D630G3EB,S28-GRWBG2-BK01,Gardening Grow Bag Design 2 - Black - 1 Gallon (18*15cm) no handle,10,25.00,34,
,250102D963E45E,S31-COLTWL-GREN,Microfiber Cooling Towel (30*80cm)  - Green,2,25.00,38,
,250102D963E45E,S11-SQTOIL-NAVY,Square Toiletry Organizer - Navy,1,199.00,26,
,250102D963E45E,S30-TNSHBG-BLCK,Transparent Shoe Bag - Black,2,90.00,33,
,250102E7GD7K2R,S31-COLTWL-DGRY,Microfiber Cooling Towel (30*80cm)  - Dark Gray,2,25.00,38,
,250102E7GD7K2R,S31-COLTWL-GREN,Microfiber Cooling Towel (30*80cm)  - Green,11,25.00,38,
,250102E7GD7K2R,S31-COLTWL-PINK,Microfiber Cooling Towel (30*80cm)  - Pink,4,25.00,38,
,250102E7GD7K2R,S31-COLTWL-ORNG,Microfiber Cooling Towel (30*80cm)  - Orange,2,25.00,38,
,250102E7GD7K2R,S31-COLTWL-VLET,Microfiber Cooling Towel (30*80cm)  - Violet,13,25.00,38,
,250102EC703UC5,S02-LDHAMP-LDNO,Laundry Hamper - Large Dinosaur,1,199.00,32,
,250102EC703UC5,S19-LDHAMP-MEXC,Laundry Hamper - Medium Excavator,1,159.00,25,
,250102ECA2CNJH,S19-FELTFO-LBEG,Felt Foldable Organizer - Large Beige,1,149.00,36,
,250102ECA9Y447,S31-FELTBG-SBEG,Felt Insert Bag with Multi Pockets - Beige Small (21*17*13cm),1,118.00,38,
,250102ED9MAUPS,S14-MGSWLT-VIOL,Magsafe Wallet - Violet,2,139.00,24,
,250102EDFH59BV,S30-LMSWST-BK95,Plain Leather Magsafe Snap On Wallet with Stand - Black 9.5,1,199.00,39,
,250102ENYEFQPC,S26-RFIDMC-PLBL,RFID Card Wallet with Money Clip - Plain Blue,1,239.00,30,
,250102ER4G3VFR,S02-TOILOR-NAVY,Travel Toiletry Organizer - Navy,1,199.00,30,
,250102ERWRSYM6,S30-LMSWST-BK95,Plain Leather Magsafe Snap On Wallet with Stand - Black 9.5,2,199.00,39,
,250102EUN25FYJ,S11-LDHAMP-MCGR,Laundry Hamper - Medium Colorful Graffiti,1,159.00,33,
,250102EV3JK8C8,S28-GRWBG2-LB02,Gardening Grow Bag Design 2 - Light Brown - 2 Gallon (20*20cm),1,38.00,36,
,250102EV3JK8C8,S31-GRWBG2-LB07,Gardening Grow Bag Design 2 - Light Brown - 7 Gallon (35*30cm),1,79.00,38,
,250102EXMC017B,S30-LMSWST-BK95,Plain Leather Magsafe Snap On Wallet with Stand - Black 9.5,1,199.00,39,
,250102F6P3D0KD,S13-MNYCLP-SLVR,Money Clip Steel - Silver,1,39.00,31,
,250102F9AVGK8C,S31-SLCAPD-MLR3,Silicone Case Bluetooth Earphones - 3rd Gen - Marshall,1,69.00,34,
,250102FCMS0K1F,S31-FELTBG-MBEG,Felt Insert Bag with Multi Pockets - Beige Medium (26*20*13cm),1,140.00,38,
,250103FHHWNQ30,S31-FELTBG-MPNK,Felt Insert Bag with Multi Pockets - Pink Medium (26*20*13cm),1,140.00,38,
,250103G9YA380X,S28-GRWBG2-GN20,Gardening Grow Bag Design 2 - Green - 20 Gallon (50*40cm),2,119.00,38,
,250103GA8PF8EV,S11-LDHAMP-MCGR,Laundry Hamper - Medium Colorful Graffiti,1,159.00,33,
,250103GA8PF8EV,S19-LDHAMP-MACF,Laundry Hamper - Medium Aircraft,1,159.00,25,
,250103GA8PF8EV,S19-LDHAMP-MSBL,Laundry Hamper - Medium Sports Balls,1,159.00,32,
,250103GHTW06H2,S32-MKYHDR-GREN,Metal Key Holder - Green,1,69.00,32,
,250103GHTW06H2,S32-MKYHDR-BLUE,Metal Key Holder - Blue,1,69.00,37,
,250103GHTW06H2,S32-MKYHDR-YLLW,Metal Key Holder - Yellow,1,69.00,32,
,250103GQ3UC3HY,S31-LMSWST-NV95,Plain Leather Magsafe Snap On Wallet with Stand - Navy 9.5,1,195.00,39,
,250103GUC2JTWR,S11-DIACO1-RLBL,Diatomite Coaster Design 1 - Hard - Round Light Blue,1,29.00,27,
,250103GUC2JTWR,S11-DIACO1-RWHT,Diatomite Coaster Design 1 - Hard - Round White,1,45.00,36,
,250103GUPN6CU7,S31-FELTBG-SBEG,Felt Insert Bag with Multi Pockets - Beige Small (21*17*13cm),1,118.00,38,
,250103H3BT2F3M,S32-MKYHDR-GREN,Metal Key Holder - Green,1,69.00,37,
,250103H3BT2F3M,S26-MKYHDR-BLCK,Metal Key Holder - Black,1,69.00,35,
,250103H49D2AX5,S02-LDHAMP-LDNO,Laundry Hamper - Large Dinosaur,1,199.00,32,
,250103H49D2AX5,S25-LDHAMP-LVDN,Laundry Hamper - Large Dark Blue Varying Dinosaurs,1,195.00,33,
,250103H5MG52SM,S19-LDHAMP-LSBL,Laundry Hamper - Large Sports Balls,1,199.00,28,
,250103H9A48T51,S31-LMSWST-BN95,Plain Leather Magsafe Snap On Wallet with Stand - Brown 9.5,1,195.00,39,
,250103HBBQB7CU,S30-LMSWST-BK95,Plain Leather Magsafe Snap On Wallet with Stand - Black 9.5,2,199.00,39,
,250103HCGF69BB,S30-LMSWST-BK95,Plain Leather Magsafe Snap On Wallet with Stand - Black 9.5,2,199.00,39,
,250103HEJ52XS9,S27-UQLBBG-BLCK,Uniqlo-like Body Bag - Black,1,208.00,37,
,250103HFB2ANT2,S30-LMSWST-BK95,Plain Leather Magsafe Snap On Wallet with Stand - Black 9.5,1,199.00,39,
,250103HG63AHE6,S13-MNYCLP-SLVR,Money Clip Steel - Silver,39,39.00,31,
,250103HMTYWP5N,S05-RFIDWL-RGLD,RFID Card Wallet - Rose Gold,1,55.00,31,
,250103HQ8DJ52D,S28-GRWBG2-BK05,Gardening Grow Bag Design 2 - Black - 5 Gallon (30*25cm),5,49.00,38,
,250103HQ8DJ52D,S28-GRWBG2-BK10,Gardening Grow Bag Design 2 - Black - 10 Gallon (40*30cm),1,79.00,39,
,250103HQ8DJ52D,S30-GRWBG2-BK07,Gardening Grow Bag Design 2 - Black - 7 Gallon (35*30cm),1,59.00,39,
,250103HRRCWXUC,S28-GRWBG2-GN10,Gardening Grow Bag Design 2 - Green - 10 Gallon (40*30cm),6,85.00,35,
,250103HTMN80UG,S26-RFIDMC-PLGN,RFID Card Wallet with Money Clip - Plain Green,1,239.00,34,
,250103HVKHG8KT,S26-RFIDMC-HCBK,RFID Card Wallet with Money Clip - Honeycomb Black,1,299.00,40,
,250103HVKHG8KT,S27-PLPPSM-GRAY,PU Leather Passport Holder with Sim Card Holder - Gray,1,129.00,28,
,250103HVKHG8KT,S27-PLPPSM-BLCK,PU Leather Passport Holder with Sim Card Holder - Black,1,129.00,28,
,250103HVNFGFH0,S27-APDCSE-SWP2,Airpod Case - Side Lock Style - White - Pro 2nd Gen,1,159.00,35,
,250103HWBEBA08,S30-LMSWST-BK95,Plain Leather Magsafe Snap On Wallet with Stand - Black 9.5,1,199.00,39,
,250103HWW04KRN,S14-PCTOIL-BRWN,Pouch Toiletry Organizer - Brown,1,139.00,37,
,250104J3AAM5A1,S15-WBKEND-WSR0,Wooden Bookend - Dark Walnut Small Round No Logo,1,179.00,33,
,250104J3E3SJ5C,S30-LMSWST-BK95,Plain Leather Magsafe Snap On Wallet with Stand - Black 9.5,1,199.00,39,
,250104J3KJ8MT5,S04-WBKEND-0RND,Wooden Bookend - No Print Round Corner,1,119.00,35,
,250104J3YKJ0VY,S31-FELTBG-LBLK,Felt Insert Bag with Multi Pockets - Black Large (28*25*17cm),1,180.00,37,
,250104JEXBC667,S13-MNYCLP-GOLD,Money Clip Steel - Gold,1,42.00,31,
,250104JMFYADAQ,S28-GRWBG2-BK03,Gardening Grow Bag Design 2 - Black - 3 Gallon (25*22cm),15,39.00,39,
,250104JPSC4FGJ,S04-WBKEND-0RND,Wooden Bookend - No Print Round Corner,2,119.00,35,
,250104JW65V6WQ,S28-GRWBG2-BK03,Gardening Grow Bag Design 2 - Black - 3 Gallon (25*22cm),5,39.00,39,
,250104JWW1A2R9,S26-RFIDMC-PLGN,RFID Card Wallet with Money Clip - Plain Green,1,239.00,34,
,250104JWXB8K7W,S30-RFIDMC-PLRD,RFID Card Wallet with Money Clip - Plain Red,1,239.00,34,
,250104JXV14YNA,S30-LMSWST-BK95,Plain Leather Magsafe Snap On Wallet with Stand - Black 9.5,2,199.00,39,
,250104K2HS4D10,S28-GRWBG2-BK05,Gardening Grow Bag Design 2 - Black - 5 Gallon (30*25cm),3,49.00,38,
,250104K3APA5MV,S01-LDHAMP-LLIO,Laundry Hamper - Large Lion,1,199.00,31,
,250104K3APA5MV,S21-LDHAMP-LEXC,Laundry Hamper - Large Excavator,1,199.00,30,
,250104K3APA5MV,S11-FABORG-WTRE,Fabric Foldable Rectangle Organizer - White Trees,1,25.00,23,
,250104K3APA5MV,S11-FABORG-GNWA,Fabric Foldable Rectangle Organizer - Green White Chevron,1,25.00,19,
,250104K3B6HN8M,S24-LDHAMP-LDBT,Laundry Hamper - Large Drawstring Blue White Triangles,1,219.00,31,
,250104K5T1YQBT,S26-RFIDMC-HCBK,RFID Card Wallet with Money Clip - Honeycomb Black,1,299.00,40,
,250104K6GUKE9B,S20-PHWGHA-BLCK,Portable Hanging Digital Weighing Scale - Black,1,168.00,28,
,250104K6GUKE9B,S28-SLCAPD-PBP2,Silicone Case Bluetooth Earphones - Pro 2nd Gen - Pokeball,1,69.00,30,
,250104K77FDBX2,S11-LDHAMP-MGBY,Laundry Hamper - Medium Gray Bunny,1,159.00,37,
,250104K8RNWEU7,S04-WBKEND-0RND,Wooden Bookend - No Print Round Corner,2,119.00,35,
,250104K93NS1W6,S06-LDHAMP-LBDN,Laundry Hamper - Large Blue Dinosaur,1,199.00,31,
,250104KDS8A70S,S28-GRWBG2-GN20,Gardening Grow Bag Design 2 - Green - 20 Gallon (50*40cm),10,119.00,"38, 39",
,250104KE88YMN5,S27-APDCSE-SBP2,Airpod Case - Side Lock Style - Black - Pro 2nd Gen,1,159.00,37,
,250104KEUQP9CB,S30-LMSWST-BK95,Plain Leather Magsafe Snap On Wallet with Stand - Black 9.5,1,199.00,39,
,250104KFB2TNW1,S28-GRWBG2-BK05,Gardening Grow Bag Design 2 - Black - 5 Gallon (30*25cm),3,49.00,38,
,250104KHE6GN4K,S14-MGSWLT-BRWN,Magsafe Wallet - Brown,1,139.00,30,
,250104KJWRHTTJ,S11-SQTOIL-REDD,Square Toiletry Organizer - Red,1,199.00,26,
,250104KK8A4R8W,S13-MNYCLP-GOLD,Money Clip Steel - Gold,2,42.00,31,
,250104KXC42P7Q,S28-GRWBG2-BK20,Gardening Grow Bag Design 2 - Black - 20 Gallon (50*40cm),1,109.00,39,
,250104M2DPPR6S,S11-SQTOIL-GRAY,Square Toiletry Organizer - Gray,1,199.00,28,
,250104M5V5YRS7,S31-FELTBG-SBEG,Felt Insert Bag with Multi Pockets - Beige Small (21*17*13cm),1,118.00,40,
,250104M5V5YRS7,S31-FELTBG-MBEG,Felt Insert Bag with Multi Pockets - Beige Medium (26*20*13cm),1,140.00,40,
,250104M5X11A14,S31-SLCAPD-MLR3,Silicone Case Bluetooth Earphones - 3rd Gen - Marshall,1,69.00,34,
,945705030746875,S22-MNYCLP-SDLR,Money Clip Steel - Silver Dollar Sign,1,69.00,29,
,952640117782858,S31-LMSWST-NV95,Plain Leather Magsafe Snap On Wallet with Stand - Navy 9.5,1,199.00,39,
,952630174357153,S10-LDHAMP-LRBT,Laundry Hamper - Large Rabbit,1,185.00,33,
,952679349478612,S21-LDHAMP-LEXC,Laundry Hamper - Large Excavator,1,199.00,30,
,952679349478612,S19-LDHAMP-LSBL,Laundry Hamper - Large Sports Balls,1,199.00,28,
,952713552837706,S31-COLTWL-DGRY,Microfiber Cooling Towel (30*80cm)  - Dark Gray,2,25.00,38,
,952713552837706,S31-COLTWL-PINK,Microfiber Cooling Towel (30*80cm)  - Pink,1,25.00,38,
,952713552837706,S31-COLTWL-VLET,Microfiber Cooling Towel (30*80cm)  - Violet,1,25.00,38,
,952713552837706,S31-COLTWL-ORNG,Microfiber Cooling Towel (30*80cm)  - Orange,1,25.00,38,
,952724199420488,S28-GRWBG2-BK20,Gardening Grow Bag Design 2 - Black - 20 Gallon (50*40cm),3,109.00,39,
,945909273747439,S27-APDCSE-SWP2,Airpod Case - Side Lock Style - White - Pro 2nd Gen,1,159.00,35,
,952814778757973,S19-MCPCHO-BLCK,Multi Compartment Pouch Toiletry Organizer - Black,1,299.00,28,
,945978615192436,S10-LDHAMP-SCAT,Laundry Hamper - Small Cats,2,99.00,35,
,952893311056413,S11-LDHAMP-MGBY,Laundry Hamper - Medium Gray Bunny,1,169.00,37,
,952893311056413,S01-LDHAMP-LDUK,Laundry Hamper - Large Duck,1,185.00,33,
,946039036814678,S11-FABORG-GYWA,Fabric Foldable Rectangle Organizer - Gray White Chevron,2,25.00,33,
,946039036814678,S19-FELTFO-LBEG,Felt Foldable Organizer - Large Beige,1,149.00,36,
,952989354254959,S27-APDCSE-SWP2,Airpod Case - Side Lock Style - White - Pro 2nd Gen,1,159.00,35,
,953036106184318,S31-COLTWL-VLET,Microfiber Cooling Towel (30*80cm)  - Violet,1,25.00,38,
,953036106184318,S31-COLTWL-DGRY,Microfiber Cooling Towel (30*80cm)  - Dark Gray,2,25.00,38,
,953036106184318,S31-COLTWL-PINK,Microfiber Cooling Towel (30*80cm)  - Pink,1,25.00,38,
,946176861368341,S31-COLTWL-REDD,Microfiber Cooling Towel (30*80cm)  - Red,1,25.00,38,
,946176861368341,S31-COLTWL-DGRY,Microfiber Cooling Towel (30*80cm)  - Dark Gray,1,25.00,38,
,946176861368341,S31-COLTWL-ORNG,Microfiber Cooling Towel (30*80cm)  - Orange,1,25.00,38,
,946176861368341,S31-COLTWL-GREN,Microfiber Cooling Towel (30*80cm)  - Green,1,25.00,38,
,946176861368341,S31-COLTWL-PINK,Microfiber Cooling Towel (30*80cm)  - Pink,1,25.00,38,
,946176861368341,S31-COLTWL-FUSA,Microfiber Cooling Towel (30*80cm)  - Fuschia,1,25.00,38,
,946199037869979,S20-SLCAPD-P1SW,Silicone Case Bluetooth Earphones - Pro 1st Gen - Switch,1,69.00,38,
,953218520116713,S20-SLCAPD-P1SW,Silicone Case Bluetooth Earphones - Pro 1st Gen - Switch,1,69.00,38,
,946498639136070,S30-LMSWST-BK95,Plain Leather Magsafe Snap On Wallet with Stand - Black 9.5,1,199.00,39,
,953419575799637,S22-LMSWST-BLCK,Plain Leather Magsafe Snap On Wallet with Stand - Black,2,149.00,32,
,946744219873401,S19-LDHAMP-MCTV,Laundry Hamper - Medium Construction Vehicles,1,169.00,33,
,946731479463568,S14-FIDGTY-MCAC,Fidget Toy - Metal Card - Ace,1,329.00,28,
,946794230800964,S27-APDCSE-SWP2,Airpod Case - Side Lock Style - White - Pro 2nd Gen,1,159.00,35,
,953767305204926,S20-SLCAPD-P1SW,Silicone Case Bluetooth Earphones - Pro 1st Gen - Switch,1,69.00,38,
,946899808803831,S19-LDHAMP-MCTV,Laundry Hamper - Medium Construction Vehicles,1,169.00,33,
,953843711280406,S06-LDHAMP-LLCW,Laundry Hamper - Large Lion Crown,1,199.00,35,
,953843711280406,S01-LDHAMP-LDUK,Laundry Hamper - Large Duck,1,185.00,33,
,953843711280406,S25-LDHAMP-LVDN,Laundry Hamper - Large Dark Blue Varying Dinosaurs,1,199.00,33,
,953927177158111,S28-GRWBG2-LB10,Gardening Grow Bag Design 2 - Light Brown - 10 Gallon (40*30cm),2,89.00,39,
,947046836053533,S06-LDHAMP-LPNP,Laundry Hamper - Large Pineapple,1,179.00,33,
,947046836053533,S06-LDHAMP-LHPP,Laundry Hamper - Large Hippo,1,199.00,31,
,947037070946458,S26-RFIDMC-PLBL,RFID Card Wallet with Money Clip - Plain Blue,1,239.00,30,
,953977575324070,S20-8TBOTS-GRAY,8-in-1 Travel Bottle Set - Stupid Little Elephant - Gray,1,99.00,27,
,947089057636752,S02-LDHAMP-LDNO,Laundry Hamper - Large Dinosaur,1,199.00,32,
,954074704733000,S03-HKCHAT-BLCK,Hat Hook - Black,1,219.00,28,
,947173450912207,S27-LMSWS2-BLCK,Plain Leather Magsafe Snap On Wallet with Stand Design 2 - Black,1,139.00,37,
,954166178700853,S20-SLCAPD-P1SW,Silicone Case Bluetooth Earphones - Pro 1st Gen - Switch,1,69.00,38,
,954212326138083,S19-MCPCHO-BLCK,Multi Compartment Pouch Toiletry Organizer - Black,1,299.00,28,
,947267658804627,S28-GRWBG2-BK05,Gardening Grow Bag Design 2 - Black - 5 Gallon (30*25cm),1,49.00,38,
,947267658804627,S28-GRWBG2-BK02,Gardening Grow Bag Design 2 - Black - 2 Gallon (20*20cm),3,29.00,37,
,947267658804627,S28-GRWBG2-BK01,Gardening Grow Bag Design 2 - Black - 1 Gallon (18*15cm) no handle,1,19.00,34,
,947333893216012,S32-MKYHDR-YLLW,Metal Key Holder - Yellow,1,69.00,32,
,947333893216012,S26-MKYHDR-BLCK,Metal Key Holder - Black,1,69.00,35,
,947383072095512,S22-LMSWST-BLCK,Plain Leather Magsafe Snap On Wallet with Stand - Black,1,149.00,32,
,954391723953428,S26-RFIDMC-HCBK,RFID Card Wallet with Money Clip - Honeycomb Black,1,299.00,40,
,947538689304096,S27-SLCAPD-R3XB,Silicone Case Bluetooth Earphones - 3rd Gen - Xbox Controller,1,69.00,34,
,947538689304096,S27-SLCAPD-3CBK,Silicone Case Bluetooth Earphones - 3rd Gen - Controller - Black,1,169.00,36,
,947538689304096,S20-SLCAPD-R1SW,Silicone Case Bluetooth Earphones - 3rd Gen - Switch,1,69.00,38,
,947582405250530,S30-GRWBG2-BK07,Gardening Grow Bag Design 2 - Black - 7 Gallon (35*30cm),2,59.00,39,
,947664478322567,S27-APDCSE-SWP2,Airpod Case - Side Lock Style - White - Pro 2nd Gen,1,159.00,35,
,954691705749614,S31-LMSWST-YW95,Plain Leather Magsafe Snap On Wallet with Stand - Yellow 9.5,1,199.00,39,
,947814204578048,S28-SLCAPD-NCP2,Silicone Case Bluetooth Earphones - Pro 2nd Gen - Famicom,1,79.00,33,
,947814204578048,S20-SLCAPD-P1SW,Silicone Case Bluetooth Earphones - Pro 1st Gen - Switch,1,69.00,38,
,947904840969084,S01-LDHAMP-LDUK,Laundry Hamper - Large Duck,1,185.00,33,
,947904840969084,S19-LDHAMP-MCTV,Laundry Hamper - Medium Construction Vehicles,1,169.00,33,
,954854569494071,S27-LMSWS2-BLCK,Plain Leather Magsafe Snap On Wallet with Stand Design 2 - Black,1,139.00,37,
,954907951659084,S28-GRWBG2-BK10,Gardening Grow Bag Design 2 - Black - 10 Gallon (40*30cm),1,79.00,39,
,947986070558256,S20-SLCAPD-R1SW,Silicone Case Bluetooth Earphones - 3rd Gen - Switch,1,69.00,38,
,954923160408964,S27-APDCSE-SRP2,Airpod Case - Side Lock Style - Red - Pro 2nd Gen,1,159.00,37,
,948010664719197,S20-SLCAPD-R1SW,Silicone Case Bluetooth Earphones - 3rd Gen - Switch,1,69.00,38,
,954970774180239,S28-GRWBG2-GN05,Gardening Grow Bag Design 2 - Green - 5 Gallon (30*25cm),2,55.00,35,
,954970774180239,S03-HKCHIP-PINK,Chipmunk Hook - Pink,1,99.00,3,
,948085437352891,S22-LDHAMP-MGCB,Laundry Hamper - Medium Green Cloud Bear,1,159.00,31,
,948085437352891,S10-LDHAMP-LRBT,Laundry Hamper - Large Rabbit,1,185.00,33,
,948085437352891,S06-LDHAMP-LPNP,Laundry Hamper - Large Pineapple,1,179.00,33,
,955041535394951,S30-LMSWST-BK95,Plain Leather Magsafe Snap On Wallet with Stand - Black 9.5,1,199.00,39,
,948107623577872,S31-FELTBG-LBEG,Felt Insert Bag with Multi Pockets - Beige Large (28*25*17cm),1,162.00,38,
,948125625771658,S20-SLCAPD-P1SW,Silicone Case Bluetooth Earphones - Pro 1st Gen - Switch,1,69.00,38,
,955071157868678,S30-GRWBG2-BK07,Gardening Grow Bag Design 2 - Black - 7 Gallon (35*30cm),4,59.00,39,
,948135093556243,S20-SLCAPD-P1SW,Silicone Case Bluetooth Earphones - Pro 1st Gen - Switch,1,69.00,38,
,955103568391421,S11-DIACO1-RPNK,Diatomite Coaster Design 1 - Hard - Round Pink,1,29.00,29,
,955103568391421,S11-DIACO1-RLGN,Diatomite Coaster Design 1 - Hard - Round Light Green,2,17.50,30,
,955155305761708,S26-RFIDMC-PLGY,RFID Card Wallet with Money Clip - Plain Gray,1,239.00,34,
,948323429247254,S24-CEJTWT-BKCF,Card Ejector with Leather Wallet - Black Carbon Fiber,1,199.00,24,
,948323429247254,S29-ISMMPC-CREM,Issey Miyake-like Make up Pouch - Cream,1,125.00,32,
,948362002832163,S28-GRWBG2-GN10,Gardening Grow Bag Design 2 - Green - 10 Gallon (40*30cm),1,85.00,35,
,955283799752617,S20-SLCAPD-R1SW,Silicone Case Bluetooth Earphones - 3rd Gen - Switch,1,69.00,38,
,948379440908830,S03-FOLDFL-LBLK,Foldable File Organizer - Large Black,2,89.00,32,
,955333158148179,S28-SPGCSE-WEP2,Spigen Airpod Case - White - Pro 2nd Gen,1,149.00,38,
,948440027596632,S19-LDHAMP-LSBL,Laundry Hamper - Large Sports Balls,3,199.00,28,
,955478154382513,S20-8TBOTS-PINK,8-in-1 Travel Bottle Set - Stupid Little Elephant - Pink,1,99.00,28,
,955501962856245,S27-APDCSE-HWP2,Airpod Case - Headset Lock Style - Black/White - Pro 2nd Gen,1,149.00,32,
,955505584698863,S27-APDCSE-SWP2,Airpod Case - Side Lock Style - White - Pro 2nd Gen,1,159.00,38,
,955972729272529,S31-COLTWL-VLET,Microfiber Cooling Towel (30*80cm)  - Violet,30,25.00,"38, 41",
,955972729272529,S31-COLTWL-ORNG,Microfiber Cooling Towel (30*80cm)  - Orange,25,25.00,"38, 41",
,955972729272529,S31-COLTWL-BLUE,Microfiber Cooling Towel (30*80cm)  - Blue,25,25.00,41,
,955972729272529,S31-COLTWL-PINK,Microfiber Cooling Towel (30*80cm)  - Pink,25,25.00,"38, 41",
,955972729272529,S31-COLTWL-FUSA,Microfiber Cooling Towel (30*80cm)  - Fuschia,25,25.00,"38, 41",
,949051204737496,S31-LMSWST-BN95,Plain Leather Magsafe Snap On Wallet with Stand - Brown 9.5,1,199.00,40,
,956016378092319,S03-HKCHAT-BLCK,Hat Hook - Black,1,219.00,28,
,949115268498749,S30-SETLUG-GRY7,Set Travel Luggage Organizer - Set of 7 - Gray,1,249.00,31,
,949115268498749,S19-MCPCHO-GRAY,Multi Compartment Pouch Toiletry Organizer - Gray,1,299.00,22,
,956087110616981,S19-WBKEND-WLR0,Wooden Bookend - Dark Walnut Large Round No Logo,1,279.00,31,
,956090779878902,S22-MNYCLP-SDLR,Money Clip Steel - Silver Dollar Sign,2,69.00,29,
,949203065316661,S28-GRWBG2-LB10,Gardening Grow Bag Design 2 - Light Brown - 10 Gallon (40*30cm),6,89.00,39,
,956124995116774,S28-SLCAPD-NCP2,Silicone Case Bluetooth Earphones - Pro 2nd Gen - Famicom,1,79.00,33,
,956249736033181,S28-GRWBG2-BK20,Gardening Grow Bag Design 2 - Black - 20 Gallon (50*40cm),5,109.00,39,
,956249736033181,S28-GRWBG2-BK03,Gardening Grow Bag Design 2 - Black - 3 Gallon (25*22cm),10,39.00,39,
,956256517794021,S27-LMSWS2-BRWN,Plain Leather Magsafe Snap On Wallet with Stand Design 2 - Brown,1,139.00,35,
,949359865317850,S30-LMSWST-BK95,Plain Leather Magsafe Snap On Wallet with Stand - Black 9.5,1,199.00,39,
,949363875815685,S06-LDHAMP-LHPP,Laundry Hamper - Large Hippo,1,199.00,31,
,949363875815685,S25-LDHAMP-LVDN,Laundry Hamper - Large Dark Blue Varying Dinosaurs,1,199.00,33,
,949406876756897,S20-SLCAPD-P1SW,Silicone Case Bluetooth Earphones - Pro 1st Gen - Switch,1,69.00,38,
,949406876756897,S28-SLCAPD-NCP2,Silicone Case Bluetooth Earphones - Pro 2nd Gen - Famicom,1,79.00,33,
,950967484667462,S27-APDCSE-SBP2,Airpod Case - Side Lock Style - Black - Pro 2nd Gen,1,159.00,37,
,950967484667462,S31-APDCSE-SGP2,Airpod Case - Side Lock Style - Green - Pro 2nd Gen,1,159.00,33,
,958032578731087,S19-MCPCHO-BLCK,Multi Compartment Pouch Toiletry Organizer - Black,1,299.00,28,
,958211592097329,S31-SLCAPD-MLR3,Silicone Case Bluetooth Earphones - 3rd Gen - Marshall,1,69.00,34,
,958211592097329,S20-SLCAPD-R1SW,Silicone Case Bluetooth Earphones - 3rd Gen - Switch,1,69.00,38,
,951257490239173,S29-ISMMPC-BLCK,Issey Miyake-like Make up Pouch - Black,1,125.00,31,
,951257490239173,S24-APDCSE-HRP2,Airpod Case - Headset Lock Style - Black/Red - Pro 2nd Gen,1,149.00,28,
,951302833316682,S24-APDCSE-HBP2,Airpod Case - Headset Lock Style - Black - Pro 2nd Gen,1,149.00,31,
,951372802410011,S26-RFIDMC-PLGY,RFID Card Wallet with Money Clip - Plain Gray,1,239.00,34,
,951372802410011,S26-RFIDMC-PLGN,RFID Card Wallet with Money Clip - Plain Green,1,239.00,34,
,953334684313620,S18-DIACO1-SDGY,Diatomite Coaster Design 1 - Hard - Square Dark Gray,2,45.00,31,
,953381037197220,S20-SLCAPD-R1SW,Silicone Case Bluetooth Earphones - 3rd Gen - Switch,1,69.00,38,
,960478773320620,S31-COLTWL-REDD,Microfiber Cooling Towel (30*80cm)  - Red,1,25.00,38,
,960478773320620,S31-COLTWL-BLUE,Microfiber Cooling Towel (30*80cm)  - Blue,1,25.00,38,
,960478773320620,S31-COLTWL-DGRY,Microfiber Cooling Towel (30*80cm)  - Dark Gray,2,25.00,38,
,960540925648404,S31-COLTWL-BLUE,Microfiber Cooling Towel (30*80cm)  - Blue,1,25.00,41,
,960540925648404,S31-COLTWL-PINK,Microfiber Cooling Towel (30*80cm)  - Pink,1,25.00,41,
,960540925648404,S31-COLTWL-FUSA,Microfiber Cooling Towel (30*80cm)  - Fuschia,1,25.00,41,
,960540925648404,S31-COLTWL-GREN,Microfiber Cooling Towel (30*80cm)  - Green,1,25.00,38,
,960540925648404,S31-COLTWL-ORNG,Microfiber Cooling Towel (30*80cm)  - Orange,1,25.00,41,
,953637626573666,S22-LDHAMP-MVDN,Laundry Hamper - Medium Dark Blue Varying Dinosaurs,1,159.00,34,
,953800845732327,S30-LMSWST-BK95,Plain Leather Magsafe Snap On Wallet with Stand - Black 9.5,1,199.00,39,
,960887188222195,S02-TOILOR-GRAY,Travel Toiletry Organizer - Gray,1,199.00,30,
,960934125920323,S14-FIDGTY-MCAC,Fidget Toy - Metal Card - Ace,1,329.00,28,
,953992848984390,S11-LDHAMP-MCGR,Laundry Hamper - Medium Colorful Graffiti,1,169.00,33,
,954032413168751,S27-MNYCLP-BDLR,Money Clip Steel - Black Dollar Sign,1,88.00,28,
,961109750999930,S06-LDHAMP-LELE,Laundry Hamper - Large Elephant,1,199.00,35,
,954090095676332,S30-LMSWST-BK95,Plain Leather Magsafe Snap On Wallet with Stand - Black 9.5,1,199.00,39,
,954092674002106,S31-LMSWST-NV95,Plain Leather Magsafe Snap On Wallet with Stand - Navy 9.5,1,199.00,39,
,954092674002106,S31-LMSWST-RD95,Plain Leather Magsafe Snap On Wallet with Stand - Red 9.5,1,199.00,37,
,961277923031379,S28-GRWBG2-BK02,Gardening Grow Bag Design 2 - Black - 2 Gallon (20*20cm),4,29.00,37,
,954277639841337,S38-CLSPCH-SBLK,Auto-close Silicone Pouch - Small Black,1,39.00,38,
,954381820537672,S30-LMSWST-BK95,Plain Leather Magsafe Snap On Wallet with Stand - Black 9.5,1,199.00,39,
,954377226504315,S27-APDCSE-SBR3,Airpod Case - Side Lock Style - Black - Regular 3rd Gen,1,159.00,35,
,961420973492317,S27-APDCSE-SWP2,Airpod Case - Side Lock Style - White - Pro 2nd Gen,1,159.00,38,
,954450801885635,S26-RFIDMC-HCBK,RFID Card Wallet with Money Clip - Honeycomb Black,1,299.00,40,
,961662520079075,S25-LDHAMP-LVDN,Laundry Hamper - Large Dark Blue Varying Dinosaurs,1,199.00,33,
,961678134261527,S14-FIDGTY-MCJK,Fidget Toy - Metal Card - Joker,1,399.00,28,
,961678134261527,S13-FIDGTY-STPB,Fidget Toy - Stripes Black,1,99.00,34,
,954676269587591,S28-GRWBG2-LB10,Gardening Grow Bag Design 2 - Light Brown - 10 Gallon (40*30cm),2,89.00,39,
,961679200014430,S20-SLCAPD-R1SW,Silicone Case Bluetooth Earphones - 3rd Gen - Switch,1,69.00,38,
,954708009120555,S31-LMSWST-NV95,Plain Leather Magsafe Snap On Wallet with Stand - Navy 9.5,1,199.00,39,
,954708009120555,S20-SLCAPD-P1SW,Silicone Case Bluetooth Earphones - Pro 1st Gen - Switch,1,69.00,38,
,954697077013717,S27-APDCSE-SWP2,Airpod Case - Side Lock Style - White - Pro 2nd Gen,1,159.00,38,
,954697077013717,S20-SLCAPD-P1SW,Silicone Case Bluetooth Earphones - Pro 1st Gen - Switch,1,69.00,38,
,961742535427635,S28-SLCAPD-PBR3,Silicone Case Bluetooth Earphones - 3rd Gen - Pokeball,1,69.00,36,
,961742535427635,S20-SLCAPD-R1SW,Silicone Case Bluetooth Earphones - 3rd Gen - Switch,1,69.00,38,
,954739037167528,S20-SLCAPD-R3LK,Silicone Case Bluetooth Earphones - 3rd Gen - Cliplock Style - Black,1,129.00,36,
,954908255408686,S11-FABORG-GWCH,Fabric Foldable Rectangle Organizer - Gray White Checkered,1,25.00,25,
,954908255408686,S38-CLSPCH-SBLK,Auto-close Silicone Pouch - Small Black,1,39.00,38,
,954908255408686,S31-ACPPCH-LORG,Auto-close PU Leather Pouch - Large Orange,1,49.00,33,
,954908255408686,S31-ACPPCH-SORG,Auto-close PU Leather Pouch - Small Orange,1,39.00,34,
,961944906773113,S27-APDCSE-SWP2,Airpod Case - Side Lock Style - White - Pro 2nd Gen,1,159.00,38,
,954989002288402,S30-TNSHBG-APGN,Transparent Shoe Bag - Apple Green,1,90.00,31,
,955034291388641,S38-CLSPCH-SBLK,Auto-close Silicone Pouch - Small Black,1,39.00,38,
,962065173711253,S28-GRWBG2-BK20,Gardening Grow Bag Design 2 - Black - 20 Gallon (50*40cm),2,109.00,39,
,962079939955722,S27-APDCSE-SBP2,Airpod Case - Side Lock Style - Black - Pro 2nd Gen,1,159.00,37,
,955162457918099,S16-SLCODR-GRAY,Silicone Coaster Design Drain - Gray,3,42.00,"33, 36",
,955162457918099,S16-SLCODR-BLUE,Silicone Coaster Design Drain - Blue,3,42.00,36,
,962220539581219,S24-LDHAMP-LDBT,Laundry Hamper - Large Drawstring Blue White Triangles,1,219.00,31,
,955200049967225,S26-MKYHDR-BLCK,Metal Key Holder - Black,1,69.00,35,
,962276335050635,S29-SMTPCH-GRAY,Small Multi-purpose Pouch - Gray,1,199.00,29,
,962276335050635,S11-DPCTWL-FCEA,Disposable Compressed Towel - Face Brand A (yifuyan) 20x20,1,30.00,20,
,962276335050635,S31-APDCSE-SGP2,Airpod Case - Side Lock Style - Green - Pro 2nd Gen,1,159.00,33,
,955269455248012,S11-LDHAMP-MRSY,Laundry Hamper - Medium Red Strawberry,1,159.00,35,
,962304758608075,S26-RFIDMC-PLGY,RFID Card Wallet with Money Clip - Plain Gray,1,239.00,34,
,962304758608075,S26-RFIDMC-PLBK,RFID Card Wallet with Money Clip - Plain Black,1,239.00,37,
,962304758608075,S26-RFIDMC-HCBK,RFID Card Wallet with Money Clip - Honeycomb Black,1,299.00,40,
,962341716321751,S31-APDCSE-SGP2,Airpod Case - Side Lock Style - Green - Pro 2nd Gen,1,159.00,33,
,955418414725941,S11-DPCTWL-FCEA,Disposable Compressed Towel - Face Brand A (yifuyan) 20x20,1,30.00,20,
,955418414725941,S17-DPCTWL-FA24,Disposable Compressed Towel - Face Brand A (yifuyan) 24x30,1,45.00,20,
,955434058184498,S11-FABORG-YWDI,Fabric Foldable Rectangle Organizer - Yellow White Diamond,1,25.00,19,
,955434058184498,S11-FABORG-GNWA,Fabric Foldable Rectangle Organizer - Green White Chevron,1,25.00,19,
,955447450299502,S20-SLCAPD-R1SW,Silicone Case Bluetooth Earphones - 3rd Gen - Switch,1,69.00,38,
,962478360732359,S20-PRSBT1-TPRT,10ml Perfume Alcohol Spray Bottle - Transparent,2,25.00,27,
,962478360732359,S30-LMSWST-BK95,Plain Leather Magsafe Snap On Wallet with Stand - Black 9.5,1,199.00,39,
,962580106091552,S28-SLCAPD-NCP2,Silicone Case Bluetooth Earphones - Pro 2nd Gen - Famicom,1,79.00,33,
,955583270248795,S24-LDHAMP-LDBT,Laundry Hamper - Large Drawstring Blue White Triangles,1,219.00,31,
,962600376050234,S28-SLCAPD-PBP2,Silicone Case Bluetooth Earphones - Pro 2nd Gen - Pokeball,1,69.00,30,
,955674407794863,S18-DIACO1-RDGY,Diatomite Coaster Design 1 - Hard - Round Dark Gray,4,45.00,31,
,955679655251451,S31-COLTWL-REDD,Microfiber Cooling Towel (30*80cm)  - Red,2,25.00,38,
,955679655251451,S31-COLTWL-VLET,Microfiber Cooling Towel (30*80cm)  - Violet,2,25.00,38,
,955679655251451,S31-COLTWL-ORNG,Microfiber Cooling Towel (30*80cm)  - Orange,2,25.00,38,
,955750408785424,S26-RFIDMC-PLBK,RFID Card Wallet with Money Clip - Plain Black,2,239.00,37,
,955747060636383,S02-TOILOR-BLAK,Travel Toiletry Organizer - Black,1,125.00,30,
,955749468620468,S20-SLCAPD-R1SW,Silicone Case Bluetooth Earphones - 3rd Gen - Switch,1,69.00,38,
,955809861878183,S11-DIACO1-RLGN,Diatomite Coaster Design 1 - Hard - Round Light Green,3,29.00,30,
,955809861878183,S11-DIACO1-RWHT,Diatomite Coaster Design 1 - Hard - Round White,3,45.00,36,
,962860588222301,S28-SLCAPD-PBR3,Silicone Case Bluetooth Earphones - 3rd Gen - Pokeball,1,69.00,36,
,962860588222301,S30-SLCAPD-R3PS,Silicone Case Bluetooth Earphones - 3rd Gen - PS Controller,1,69.00,34,
,955887040676496,S11-LDHAMP-MGBY,Laundry Hamper - Medium Gray Bunny,1,169.00,37,
,956002808888506,S03-FOLDFL-LBLK,Foldable File Organizer - Large Black,1,89.00,32,
,956029069784458,S27-APDCSE-SWP2,Airpod Case - Side Lock Style - White - Pro 2nd Gen,1,159.00,38,
,956043083848865,S22-LMSWST-GREN,Plain Leather Magsafe Snap On Wallet with Stand - Green,1,149.00,30,
,956244830852495,S31-LMSWST-RD95,Plain Leather Magsafe Snap On Wallet with Stand - Red 9.5,1,199.00,37,
,250105MSR7ABVJ,S19-LDHAMP-MEXC,Laundry Hamper - Medium Excavator,1,159.00,25,
,250105MXDSRSSC,S30-LMSWST-BK95,Plain Leather Magsafe Snap On Wallet with Stand - Black 9.5,1,199.00,39,
,250105MXDSRSSC,S31-LMSWST-NV95,Plain Leather Magsafe Snap On Wallet with Stand - Navy 9.5,1,195.00,39,
,250105MXDSRSSC,S31-LMSWST-GR95,Plain Leather Magsafe Snap On Wallet with Stand - Green 9.5,1,195.00,39,
,250105N8UVEVKC,S31-FELTBG-SPNK,Felt Insert Bag with Multi Pockets - Pink Small (21*17*13cm),1,118.00,38,
,250105NMYQKS0F,S28-GRWBG2-GN20,Gardening Grow Bag Design 2 - Green - 20 Gallon (50*40cm),20,119.00,39,
,250105NQQ4NRK5,S30-LMSWST-BK95,Plain Leather Magsafe Snap On Wallet with Stand - Black 9.5,1,199.00,39,
,250105NQQ4NRK5,S31-LMSWST-BN95,Plain Leather Magsafe Snap On Wallet with Stand - Brown 9.5,1,195.00,40,
,250105NSG53F4Q,S10-LDHAMP-SDIN,Laundry Hamper - Small Dinosaurs,1,99.00,37,
,250105NU58HV3W,S06-LDHAMP-LPNP,Laundry Hamper - Large Pineapple,1,179.00,33,
,250105NU58HV3W,S25-LDHAMP-LVDN,Laundry Hamper - Large Dark Blue Varying Dinosaurs,1,195.00,33,
,250105NU58HV3W,S11-FABORG-WWHA,Fabric Foldable Rectangle Organizer - White Whales,2,25.00,19,
,250105NXM55F0H,S04-WBKEND-0RND,Wooden Bookend - No Print Round Corner,4,119.00,35,
,250105P0RPK6EF,S28-GRWBG2-BK05,Gardening Grow Bag Design 2 - Black - 5 Gallon (30*25cm),10,49.00,38,
,250105P19KAWQB,S28-GRWBG2-BK02,Gardening Grow Bag Design 2 - Black - 2 Gallon (20*20cm),2,29.00,37,
,250105P37RQ6DQ,S05-RFIDWL-BLCK,RFID Card Wallet - Black,2,55.00,35,
,250105P4P7E1DP,S30-LMSWST-BK95,Plain Leather Magsafe Snap On Wallet with Stand - Black 9.5,1,199.00,39,
,250105P5DBH90Y,S02-LDHAMP-LDNO,Laundry Hamper - Large Dinosaur,1,199.00,32,
,250105P5DBH90Y,S08-LDHAMP-LPDN,Laundry Hamper - Large Pink Dinosaur,1,199.00,38,
,250105P5JS3WTT,S05-RFIDWL-BLCK,RFID Card Wallet - Black,1,55.00,35,
,250105P5VWAKT4,S28-GRWBG2-LB10,Gardening Grow Bag Design 2 - Light Brown - 10 Gallon (40*30cm),2,89.00,39,
,250105P5VWAKT4,S30-GRWBG2-BK07,Gardening Grow Bag Design 2 - Black - 7 Gallon (35*30cm),2,59.00,39,
,250105P6F7V10W,S08-LDHAMP-LPDN,Laundry Hamper - Large Pink Dinosaur,1,199.00,38,
,250105PD9Q81GQ,S25-LDHAMP-LVDN,Laundry Hamper - Large Dark Blue Varying Dinosaurs,1,195.00,33,
,250105PH8PV376,S11-SQTOIL-BLCK,Square Toiletry Organizer - Black,2,199.00,28,
,250105PJ55K2CA,S30-LMSWST-BK95,Plain Leather Magsafe Snap On Wallet with Stand - Black 9.5,1,199.00,39,
,250105PN1D6N8Q,S20-SLCAPD-R1SW,Silicone Case Bluetooth Earphones - 3rd Gen - Switch,1,69.00,38,
,250105PSXRJUCY,S03-FOLDFL-LBLK,Foldable File Organizer - Large Black,2,89.00,32,
,250105PUMJ0492,S06-LDHAMP-LBDN,Laundry Hamper - Large Blue Dinosaur,1,199.00,31,
,250105PUMJ0492,S08-LDHAMP-LPDN,Laundry Hamper - Large Pink Dinosaur,1,199.00,38,
,250105PVFWE6H7,S11-SQTOIL-NAVY,Square Toiletry Organizer - Navy,1,199.00,26,
,250105PY7FARRR,S30-LMSWST-BK95,Plain Leather Magsafe Snap On Wallet with Stand - Black 9.5,1,199.00,39,
,250105PYRX7QUK,S21-LDHAMP-LCTV,Laundry Hamper - Large Construction Vehicles,1,199.00,32,
,250106Q1Y9UCGB,S22-LDHAMP-MVDN,Laundry Hamper - Medium Dark Blue Varying Dinosaurs,1,155.00,34,
,250106Q358V7FU,S31-FELTBG-LBLK,Felt Insert Bag with Multi Pockets - Black Large (28*25*17cm),1,180.00,37,
,250106Q74VFP3N,S06-LDHAMP-LLCW,Laundry Hamper - Large Lion Crown,1,199.00,35,
,250106Q88JYKYU,S20-PHWGHA-BLCK,Portable Hanging Digital Weighing Scale - Black,1,168.00,28,
,250106Q92ESBQ6,S28-GRWBG2-GN05,Gardening Grow Bag Design 2 - Green - 5 Gallon (30*25cm),10,55.00,35,
,250106QSTBRHJG,S22-LDHAMP-MVDN,Laundry Hamper - Medium Dark Blue Varying Dinosaurs,1,155.00,34,
,250106QXJYEMXB,S27-APDCSE-SRP2,Airpod Case - Side Lock Style - Red - Pro 2nd Gen,1,159.00,37,
,250106R1PCYBG6,S28-GRWBG2-LB05,Gardening Grow Bag Design 2 - Light Brown - 5 Gallon (30*25cm),5,59.00,35,
,250106R1PCYBG6,S28-GRWBG2-LB10,Gardening Grow Bag Design 2 - Light Brown - 10 Gallon (40*30cm),1,89.00,39,
,250106R1PCYBG6,S28-GRWBG2-LB03,Gardening Grow Bag Design 2 - Light Brown - 3 Gallon (25*22cm),5,45.00,35,
,250106R1PCYBG6,S28-GRWBG2-LB20,Gardening Grow Bag Design 2 - Light Brown - 20 Gallon (50*40cm),1,119.00,38,
,250106R2EAS7VC,S05-RFIDWL-RGLD,RFID Card Wallet - Rose Gold,1,55.00,31,
,250106R2EAS7VC,S05-RFIDWL-BLCK,RFID Card Wallet - Black,1,55.00,35,
,250106R88HBGXP,S10-LDHAMP-SCAT,Laundry Hamper - Small Cats,1,99.00,35,
,250106R88HBGXP,S19-FELTFO-MBEG,Felt Foldable Organizer - Medium Beige,1,85.00,36,
,250106RD0JX2ES,S31-FELTBG-MBLK,Felt Insert Bag with Multi Pockets - Black Medium (26*20*13cm),1,140.00,38,
,250106RG7GWR7A,S26-RETRHL-NEO6,Retractable Highlighter - Neon Colors - Set of 6,1,190.00,32,
,250106RGRWUUPN,S22-BDSWBP-BLUE,Bird Shaped Self Watering Bulb for Plants - Blue,2,99.00,33,
,250106RGRWUUPN,S38-BDSWBP-GREN,Bird Shaped Self Watering Bulb for Plants - Green,2,99.00,38,
,250106RHBVDBF5,S02-TOILOR-GRAY,Travel Toiletry Organizer - Gray,1,199.00,30,
,250106RNSSU7PT,S28-GRWBG2-BK02,Gardening Grow Bag Design 2 - Black - 2 Gallon (20*20cm),1,29.00,37,
,250106RNSSU7PT,S28-GRWBG2-BK01,Gardening Grow Bag Design 2 - Black - 1 Gallon (18*15cm) no handle,1,25.00,34,
,250106RX6D9YYP,S30-LMSWST-BK95,Plain Leather Magsafe Snap On Wallet with Stand - Black 9.5,1,199.00,39,
,250106S1B6JTKS,S28-GRWBG2-GY10,Gardening Grow Bag Design 2 - Gray - 10 Gallon (40*30cm),10,89.00,35,
,250106S2TKVFRB,S37-MLPPSS-BRWN,Multi-function Passport Holder Wallet with Simcard Slot - Brown,1,319.00,39,
,250106S3KF9WQJ,S15-WBKEND-WSQ0,Wooden Bookend - Dark Walnut Small Square No Logo,2,179.00,33,
,250106S9C9XVDX,S06-LDHAMP-LHPP,Laundry Hamper - Large Hippo,1,199.00,31,
,250106S9C9XVDX,S25-LDHAMP-LVDN,Laundry Hamper - Large Dark Blue Varying Dinosaurs,1,195.00,33,
,250106S9C9XVDX,S21-LDHAMP-LEXC,Laundry Hamper - Large Excavator,1,199.00,30,
,250106S9C9XVDX,S21-LDHAMP-LCTV,Laundry Hamper - Large Construction Vehicles,1,199.00,32,
,250106SD7VTXR6,S31-FELTBG-MPNK,Felt Insert Bag with Multi Pockets - Pink Medium (26*20*13cm),1,140.00,38,
,250106SE3SHE27,S28-GRWBG2-GY05,Gardening Grow Bag Design 2 - Gray - 5 Gallon (30*25cm),1,59.00,38,
,250107SQX9K8PM,S02-TOILOR-GRAY,Travel Toiletry Organizer - Gray,1,199.00,30,
,250107SU1GEK06,S06-LDHAMP-LPEN,Laundry Hamper - Large Penguin,1,199.00,35,
,250107SYR1D21B,S30-LMSWST-BK95,Plain Leather Magsafe Snap On Wallet with Stand - Black 9.5,1,199.00,39,
,250107TH74BXMM,S19-LDHAMP-MCTV,Laundry Hamper - Medium Construction Vehicles,1,159.00,33,
,250107TH74BXMM,S10-LDHAMP-SCAT,Laundry Hamper - Small Cats,1,99.00,35,
,250107TJ7PPWT9,S25-LDHAMP-LVDN,Laundry Hamper - Large Dark Blue Varying Dinosaurs,1,195.00,38,
,250107TJ7PPWT9,S15-LDHAMP-MGFS,Laundry Hamper - Medium Green Fish,1,155.00,37,
,250107TQG8PFFR,S01-LDHAMP-LLIO,Laundry Hamper - Large Lion,1,199.00,31,
,250107TQG8PFFR,S08-LDHAMP-LHPB,Laundry Hamper - Large Hippo Balloon,1,199.00,33,
,250107TQJ2V8EH,S11-LDHAMP-MCGR,Laundry Hamper - Medium Colorful Graffiti,1,159.00,33,
,250107TW46XUJX,S31-FELTBG-MBEG,Felt Insert Bag with Multi Pockets - Beige Medium (26*20*13cm),1,140.00,40,
,250107TX4Y2VHR,S26-RFIDMC-PLGY,RFID Card Wallet with Money Clip - Plain Gray,1,239.00,34,
,250107TYTQG7PA,S30-LMSWST-BK95,Plain Leather Magsafe Snap On Wallet with Stand - Black 9.5,1,199.00,39,
,250107U2YDWRDC,S11-DIACO1-RPNK,Diatomite Coaster Design 1 - Hard - Round Pink,1,29.00,29,
,250107U4JN9KXR,S38-CRHOOK-DBLK,Car Seat Headrest Hook - Double Hook Black,2,120.00,38,
,250107UC8RQGDC,S02-TOILOR-NAVY,Travel Toiletry Organizer - Navy,1,199.00,30,
,250107UEDUDJ5F,S31-FELTBG-MBEG,Felt Insert Bag with Multi Pockets - Beige Medium (26*20*13cm),1,140.00,40,
,250107UKQBVGMW,S08-LDHAMP-LPDN,Laundry Hamper - Large Pink Dinosaur,1,199.00,38,
,250107UQD6QCE0,S11-LDHAMP-MRSY,Laundry Hamper - Medium Red Strawberry,1,165.00,35,
,250107UQD6QCE0,S10-LDHAMP-SDIN,Laundry Hamper - Small Dinosaurs,1,99.00,37,
,250107UQKJS8MY,S31-LMSWST-GR95,Plain Leather Magsafe Snap On Wallet with Stand - Green 9.5,1,195.00,39,
,250107URD182A3,S19-LDHAMP-LSBL,Laundry Hamper - Large Sports Balls,1,199.00,28,
,250107URD182A3,S30-TNSHBG-BLCK,Transparent Shoe Bag - Black,1,90.00,33,
,250107URWR6UWQ,S30-LMSWST-BK95,Plain Leather Magsafe Snap On Wallet with Stand - Black 9.5,1,199.00,39,
,250107UUNFVVQQ,S31-FELTBG-MBEG,Felt Insert Bag with Multi Pockets - Beige Medium (26*20*13cm),1,140.00,40,
,250107UV4JEYFA,S14-FIDGTY-MCAC,Fidget Toy - Metal Card - Ace,1,329.00,28,
,250107UV6168JA,S13-MNYCLP-SLVR,Money Clip Steel - Silver,1,39.00,31,
,250107UYE1E9FB,S31-FELTBG-MBEG,Felt Insert Bag with Multi Pockets - Beige Medium (26*20*13cm),1,140.00,40,
,250107V0985HXY,S30-LMSWST-BK95,Plain Leather Magsafe Snap On Wallet with Stand - Black 9.5,1,199.00,39,
,250107V22PW8C6,S30-SETLUG-BEG7,Set Travel Luggage Organizer - Set of 7 - Beige,1,249.00,32,
,250108V60TSB34,S31-LMSWST-GR95,Plain Leather Magsafe Snap On Wallet with Stand - Green 9.5,1,195.00,39,
,250108VEBYK55C,S30-LMSWST-BK95,Plain Leather Magsafe Snap On Wallet with Stand - Black 9.5,1,199.00,39,
,250108VGQ9EGRU,S11-LDHAMP-MNCT,Laundry Hamper - Medium Navy Cats,1,159.00,33,
,250120190H1EM4,S31-FELTBG-LBLK,Felt Insert Bag with Multi Pockets - Black Large (28*25*17cm),2,180.00,37,
,2501201GQ0UY6A,S11-LDHAMP-MGBY,Laundry Hamper - Medium Gray Bunny,1,159.00,37,
,2501201QXXA5YH,S11-LDHAMP-MGBY,Laundry Hamper - Medium Gray Bunny,1,159.00,37,
,2501201XBWNWS4,S30-LMSWST-BK95,Plain Leather Magsafe Snap On Wallet with Stand - Black 9.5,1,199.00,39,
,25012023PCRMXF,S31-LMSWST-RD95,Plain Leather Magsafe Snap On Wallet with Stand - Red 9.5,1,195.00,37,
,25012025QBPB3K,S30-LMSWST-BK95,Plain Leather Magsafe Snap On Wallet with Stand - Black 9.5,1,199.00,39,
,25012026UFHUTW,S31-FELTBG-MPNK,Felt Insert Bag with Multi Pockets - Pink Medium (26*20*13cm),1,140.00,38,
,2501202A8PSBN9,S11-SQTOIL-BLCK,Square Toiletry Organizer - Black,1,199.00,28,
,2501212JM27CUW,S19-FELTFO-MKHK,Felt Foldable Organizer - Medium Khaki,1,85.00,36,
,2501212SRF51MH,S31-FELTBG-MNVY,Felt Insert Bag with Multi Pockets - Navy Medium (26*20*13cm),1,140.00,38,
,2501213VDK4BXU,S07-WREPRP-GBRM,Wire Protector - Gingerbread Man,1,20.00,18,
,2501213VDK4BXU,S31-LMSWST-BN95,Plain Leather Magsafe Snap On Wallet with Stand - Brown 9.5,1,195.00,40,
,2501213VDK4BXU,S20-PHWGHA-BLCK,Portable Hanging Digital Weighing Scale - Black,1,168.00,28,
,25012144JYRJ4N,S19-WBKEND-WLQ0,Wooden Bookend - Dark Walnut Large Square No Logo,1,279.00,31,
,25012144P5UY2G,S30-LMSWST-BK95,Plain Leather Magsafe Snap On Wallet with Stand - Black 9.5,1,199.00,39,
,25012148V4KTCU,S31-COLTWL-BLUE,Microfiber Cooling Towel (30*80cm)  - Blue,4,25.00,41,
,2501214NMNHVVT,S30-LMSWST-BK95,Plain Leather Magsafe Snap On Wallet with Stand - Black 9.5,1,199.00,39,
,2501214R4261TF,S30-LMSWST-BK95,Plain Leather Magsafe Snap On Wallet with Stand - Black 9.5,1,199.00,39,
,2501214SHHFGYV,S28-GRWBG2-GN20,Gardening Grow Bag Design 2 - Green - 20 Gallon (50*40cm),2,119.00,39,
,2501214Y0VV6V2,S28-GRWBG2-LB03,Gardening Grow Bag Design 2 - Light Brown - 3 Gallon (25*22cm),2,45.00,35,
,2501214Y0VV6V2,S28-GRWBG2-GY05,Gardening Grow Bag Design 2 - Gray - 5 Gallon (30*25cm),1,59.00,38,
,2501214Y0VV6V2,S31-GRWBG2-GY07,Gardening Grow Bag Design 2 - Gray - 7 Gallon (35*30cm),1,79.00,35,
,2501214Y0VV6V2,S31-GRWBG2-LB07,Gardening Grow Bag Design 2 - Light Brown - 7 Gallon (35*30cm),1,79.00,38,
,250121515E9YEG,S14-PCTOIL-BRWN,Pouch Toiletry Organizer - Brown,1,139.00,37,
,250121515E9YEG,S31-FELTBG-LBLK,Felt Insert Bag with Multi Pockets - Black Large (28*25*17cm),1,180.00,37,
,250121515E9YEG,S31-FELTBG-MNVY,Felt Insert Bag with Multi Pockets - Navy Medium (26*20*13cm),1,140.00,38,
,250121515E9YEG,S30-TNSHBG-BLCK,Transparent Shoe Bag - Black,2,90.00,33,
,25012255DRFD35,S30-RFIDMC-PLRD,RFID Card Wallet with Money Clip - Plain Red,1,239.00,34,
,2501225MPEU2EW,S30-GRWBG2-BK07,Gardening Grow Bag Design 2 - Black - 7 Gallon (35*30cm),4,59.00,39,
,2501225VQAGYHH,S28-GRWBG2-BK20,Gardening Grow Bag Design 2 - Black - 20 Gallon (50*40cm),3,109.00,39,
,25012268WAAJ04,S13-MNYCLP-SLVR,Money Clip Steel - Silver,1,39.00,31,
,2501226FQXFU43,S31-LMSWST-BN95,Plain Leather Magsafe Snap On Wallet with Stand - Brown 9.5,1,195.00,40,
,2501226NCQFRR7,S20-SLCAPD-R1SW,Silicone Case Bluetooth Earphones - 3rd Gen - Switch,1,69.00,38,
,2501226T435T7B,S30-LMSWST-BK95,Plain Leather Magsafe Snap On Wallet with Stand - Black 9.5,1,199.00,39,
,2501227240BAV7,S30-LMSWST-BK95,Plain Leather Magsafe Snap On Wallet with Stand - Black 9.5,1,199.00,39,
,25012278E7Y1NU,S03-LIPBRU-SRED,Lipstick/Brush Organizer - Small Red,1,85.00,3,
,250122797RAQP6,S28-GRWBG2-LB02,Gardening Grow Bag Design 2 - Light Brown - 2 Gallon (20*20cm),6,38.00,36,
,25012279VPQNYC,S30-LMSWST-BK95,Plain Leather Magsafe Snap On Wallet with Stand - Black 9.5,1,199.00,39,
,2501227AEH2P3E,S10-LDHAMP-XSPO,Laundry Hamper - XS Polka Dots,2,42.00,23,
,2501227AEH2P3E,S06-LDHAMP-LELE,Laundry Hamper - Large Elephant,1,199.00,35,
,2501227AEH2P3E,S21-LDHAMP-LCTV,Laundry Hamper - Large Construction Vehicles,1,199.00,32,
,2501227B8NDC38,S08-LDHAMP-LPDN,Laundry Hamper - Large Pink Dinosaur,1,199.00,38,
,2501227GTAAQ5V,S10-LDHAMP-SCAT,Laundry Hamper - Small Cats,1,99.00,35,
,2501237KCDMJ22,S27-SLCAPD-3CBK,Silicone Case Bluetooth Earphones - 3rd Gen - Controller - Black,1,169.00,36,
,2501237N36FRQT,S30-LMSWST-BK95,Plain Leather Magsafe Snap On Wallet with Stand - Black 9.5,1,199.00,39,
,2501237NU1EWE6,S30-LMSWST-BK95,Plain Leather Magsafe Snap On Wallet with Stand - Black 9.5,2,199.00,39,
,25012381T6UW3D,S15-WBKEND-WSR0,Wooden Bookend - Dark Walnut Small Round No Logo,1,179.00,33,
,25012381T6UW3D,S15-WBKEND-WSQ0,Wooden Bookend - Dark Walnut Small Square No Logo,1,179.00,33,
,25012388JYTWDX,S19-LDHAMP-MACF,Laundry Hamper - Medium Aircraft,1,159.00,25,
,2501238Q9DJX55,S31-LMSWST-BN95,Plain Leather Magsafe Snap On Wallet with Stand - Brown 9.5,1,195.00,40,
,2501238RU4C2M0,S01-LDHAMP-LLIO,Laundry Hamper - Large Lion,1,199.00,31,
,2501238RU4C2M0,S08-LDHAMP-LHPB,Laundry Hamper - Large Hippo Balloon,1,199.00,33,
,2501238RU4C2M0,S06-LDHAMP-LBDN,Laundry Hamper - Large Blue Dinosaur,1,199.00,31,
,2501238RU4C2M0,S08-LDHAMP-LPDN,Laundry Hamper - Large Pink Dinosaur,1,199.00,38,
,2501238WEPY834,S27-LMSWS2-REDD,Plain Leather Magsafe Snap On Wallet with Stand Design 2 - Red,1,139.00,31,
,2501239BW704C3,S13-MNYCLP-SLVR,Money Clip Steel - Silver,4,39.00,31,
,2501239DF2HASR,S28-GRWBG2-LB02,Gardening Grow Bag Design 2 - Light Brown - 2 Gallon (20*20cm),2,38.00,36,
,2501239F39CB0A,S14-PCTOIL-BRWN,Pouch Toiletry Organizer - Brown,1,139.00,37,
,2501239HNR4M5F,S31-FELTBG-MNVY,Felt Insert Bag with Multi Pockets - Navy Medium (26*20*13cm),1,140.00,38,
,2501239R93JXS3,S28-GRWBG2-GN03,Gardening Grow Bag Design 2 - Green - 3 Gallon (25*22cm),5,45.00,35,
,2501239TBFECGY,S28-SLCAPD-PBP2,Silicone Case Bluetooth Earphones - Pro 2nd Gen - Pokeball,2,69.00,36,
,2501239UVG74HN,S31-FELTBG-MBEG,Felt Insert Bag with Multi Pockets - Beige Medium (26*20*13cm),1,140.00,40,
,2501239VR2EAFE,S28-GRWBG2-LB03,Gardening Grow Bag Design 2 - Light Brown - 3 Gallon (25*22cm),6,45.00,35,
,2501239VR2EAFE,S28-GRWBG2-GN03,Gardening Grow Bag Design 2 - Green - 3 Gallon (25*22cm),12,45.00,35,
,2501239VR2EAFE,S28-GRWBG2-BK03,Gardening Grow Bag Design 2 - Black - 3 Gallon (25*22cm),6,39.00,39,
,2501239WXV2DBE,S31-LMSWST-YW95,Plain Leather Magsafe Snap On Wallet with Stand - Yellow 9.5,1,195.00,39,
,250123A2NC5G60,S31-FELTBG-MBLK,Felt Insert Bag with Multi Pockets - Black Medium (26*20*13cm),1,140.00,38,
,250124AG84AM2E,S14-MGSWLT-GREN,Magsafe Wallet - Green,1,139.00,30,
,250124AG84AM2E,S14-MGSWLT-YLLW,Magsafe Wallet - Yellow,1,139.00,24,
,250124AN7560CD,S31-LMSWST-RD95,Plain Leather Magsafe Snap On Wallet with Stand - Red 9.5,1,195.00,37,
,250124AQ2X6645,S31-LMSWST-NV95,Plain Leather Magsafe Snap On Wallet with Stand - Navy 9.5,1,195.00,39,
,250124AXY65FEJ,S02-TOILOR-GRAY,Travel Toiletry Organizer - Gray,1,199.00,30,
,250124AXYCS40E,S30-LMSWST-BK95,Plain Leather Magsafe Snap On Wallet with Stand - Black 9.5,2,199.00,39,
,250124B03R7R4K,S30-LMSWST-BK95,Plain Leather Magsafe Snap On Wallet with Stand - Black 9.5,1,199.00,39,
,250124B2AQX8DM,S28-GRWBG2-GN03,Gardening Grow Bag Design 2 - Green - 3 Gallon (25*22cm),5,45.00,35,
,250124B2GNP6E0,S28-GRWBG2-BK05,Gardening Grow Bag Design 2 - Black - 5 Gallon (30*25cm),1,49.00,38,
,250124B2GNP6E0,S28-GRWBG2-BK10,Gardening Grow Bag Design 2 - Black - 10 Gallon (40*30cm),1,79.00,39,
,250124B2GNP6E0,S28-GRWBG2-BK20,Gardening Grow Bag Design 2 - Black - 20 Gallon (50*40cm),1,109.00,39,
,250124BDKNU70E,S11-DIACO1-RWHT,Diatomite Coaster Design 1 - Hard - Round White,1,45.00,36,
,250124BDKNU70E,S11-DIACO1-RLGN,Diatomite Coaster Design 1 - Hard - Round Light Green,1,29.00,30,
,250124BDKNU70E,S11-DIACO1-RPNK,Diatomite Coaster Design 1 - Hard - Round Pink,1,29.00,29,
,250124BG0AQKXC,S31-FELTBG-MBLK,Felt Insert Bag with Multi Pockets - Black Medium (26*20*13cm),1,140.00,38,
,250124BMPBHRHP,S28-GRWBG2-BK20,Gardening Grow Bag Design 2 - Black - 20 Gallon (50*40cm),1,109.00,39,
,250124BN3C83EN,S15-WBKEND-WSR0,Wooden Bookend - Dark Walnut Small Round No Logo,2,179.00,33,
,250124BVWFH2XD,S28-GRWBG2-GN20,Gardening Grow Bag Design 2 - Green - 20 Gallon (50*40cm),10,119.00,39,
,250124CAS20R8A,S30-LMSWST-BK95,Plain Leather Magsafe Snap On Wallet with Stand - Black 9.5,1,199.00,39,
,250124CB4G7PE1,S31-LMSWST-BN95,Plain Leather Magsafe Snap On Wallet with Stand - Brown 9.5,1,195.00,40,
,250124CG6EGYCM,S30-LMSWST-BK95,Plain Leather Magsafe Snap On Wallet with Stand - Black 9.5,1,199.00,39,
,250124CG6EGYCM,S31-LMSWST-YW95,Plain Leather Magsafe Snap On Wallet with Stand - Yellow 9.5,1,195.00,39,
,250125CMCJ05GF,S30-LMSWST-BK95,Plain Leather Magsafe Snap On Wallet with Stand - Black 9.5,1,199.00,39,
,250125CYD7S4F4,S19-WBKEND-WLR0,Wooden Bookend - Dark Walnut Large Round No Logo,4,279.00,"31, 35",
,250125DHNPATN2,S31-FELTBG-MPNK,Felt Insert Bag with Multi Pockets - Pink Medium (26*20*13cm),1,140.00,38,
,250125DHSBK1A9,S31-FELTBG-MBEG,Felt Insert Bag with Multi Pockets - Beige Medium (26*20*13cm),1,140.00,40,
,250125DHX1BXQ3,S31-FELTBG-MBLK,Felt Insert Bag with Multi Pockets - Black Medium (26*20*13cm),1,140.00,38,
,250125DR6NEP9J,S31-FELTBG-LPNK,Felt Insert Bag with Multi Pockets - Pink Large (28*25*17cm),1,189.00,37,
,250125DTQV8MGB,S25-FABORG-PKCK,Fabric Foldable Rectangle Organizer - Pink Checkered,4,25.00,31,
,250125E2J9Y1G5,S19-FELTFO-LKHK,Felt Foldable Organizer - Large Khaki,2,149.00,34,
,250125E6MQ6HPD,S10-LDHAMP-SDIN,Laundry Hamper - Small Dinosaurs,1,99.00,37,
,250125EBE002CP,S30-LMSWST-BK95,Plain Leather Magsafe Snap On Wallet with Stand - Black 9.5,1,199.00,39,
,250125EEWS5QC9,S15-WBKEND-WSR0,Wooden Bookend - Dark Walnut Small Round No Logo,1,179.00,33,
,250125EEWS5QC9,S15-WBKEND-WSQ0,Wooden Bookend - Dark Walnut Small Square No Logo,1,179.00,33,
,250125EJG1K1YA,S15-WBKEND-WSR0,Wooden Bookend - Dark Walnut Small Round No Logo,1,179.00,33,
,250125EK2FWJ2C,S19-LDHAMP-MCTV,Laundry Hamper - Medium Construction Vehicles,2,159.00,33,
,250125EMPC8J5H,S28-GRWBG2-BK10,Gardening Grow Bag Design 2 - Black - 10 Gallon (40*30cm),1,79.00,39,
,250125EMPC8J5H,S28-GRWBG2-BK20,Gardening Grow Bag Design 2 - Black - 20 Gallon (50*40cm),1,109.00,39,
,250125EP5KUTJM,S22-LDHAMP-MVDN,Laundry Hamper - Medium Dark Blue Varying Dinosaurs,1,155.00,34,
,250125EP5KUTJM,S19-LDHAMP-MEXC,Laundry Hamper - Medium Excavator,1,159.00,25,
,250125EP78AWVT,S11-DPCTWL-BDYA,Disposable Compressed Towel - Body Brand A (mengzhiling),1,40.00,33,
,250125EP78AWVT,S30-LMSWST-BK95,Plain Leather Magsafe Snap On Wallet with Stand - Black 9.5,1,199.00,39,
,250125EP78AWVT,S31-LMSWST-BN95,Plain Leather Magsafe Snap On Wallet with Stand - Brown 9.5,1,195.00,40,
,250125EP78AWVT,S31-ACPPCH-LBLU,Auto-close PU Leather Pouch - Large Blue,1,49.00,33,
,250125EP78AWVT,S31-ACPPCH-LPNK,Auto-close PU Leather Pouch - Large Pink,1,49.00,33,
,250125EP78AWVT,S31-REVCEB-10ML,Refillable Vacuum Eye Cream Bottle - 10ml,2,25.00,33,
,250125ETNVKDHN,S31-FELTBG-MPNK,Felt Insert Bag with Multi Pockets - Pink Medium (26*20*13cm),1,140.00,38,
,250125EWC4FRJU,S13-MNYCLP-SLVR,Money Clip Steel - Silver,2,39.00,31,
,250125EWC4FRJU,S13-MNYCLP-GOLD,Money Clip Steel - Gold,2,42.00,31,
,250125EXEVH9EH,S06-LDHAMP-LLCW,Laundry Hamper - Large Lion Crown,1,199.00,35,
,250125EXPPD1U8,S30-LMSWST-BK95,Plain Leather Magsafe Snap On Wallet with Stand - Black 9.5,1,199.00,39,
,250125F06E4R3S,S28-SLCAPD-NCP2,Silicone Case Bluetooth Earphones - Pro 2nd Gen - Famicom,1,79.00,33,
,250125F16AKM5Y,S11-SQTOIL-PURP,Square Toiletry Organizer - Purple,1,199.00,29,
,250126F7W2R7PU,S31-FELTBG-MBLK,Felt Insert Bag with Multi Pockets - Black Medium (26*20*13cm),1,140.00,38,
,250126FEYFSBAS,S19-LMFPSS-SLVR,PU Leather Multi-function Passport Holder - Silver,1,119.00,31,
,250126FM3SEVB1,S26-RFIDMC-PLSR,RFID Card Wallet with Money Clip - Plain Silver,1,239.00,38,
,250126FNTDHU63,S31-LMSWST-BN95,Plain Leather Magsafe Snap On Wallet with Stand - Brown 9.5,2,195.00,40,
,250126G0WHFWKM,S31-FELTBG-SBEG,Felt Insert Bag with Multi Pockets - Beige Small (21*17*13cm),1,118.00,40,
,250126G3Y4QUFW,S30-GRWBG2-BK07,Gardening Grow Bag Design 2 - Black - 7 Gallon (35*30cm),2,59.00,39,
,250126G5N4VDES,S26-RFIDMC-PLBK,RFID Card Wallet with Money Clip - Plain Black,1,239.00,37,
,250126G5N4VDES,S26-RFIDMC-PLGN,RFID Card Wallet with Money Clip - Plain Green,1,239.00,34,
,250126G9EVK34C,S36-SLCAPD-R1LK,Silicone Case Bluetooth Earphones - 1st and 2nd Gen - Cliplock Style - Black,1,129.00,36,
,250126GBT6HXE2,S30-LMSWST-BK95,Plain Leather Magsafe Snap On Wallet with Stand - Black 9.5,1,199.00,39,
,250126GG633PF4,S10-LDHAMP-SDIN,Laundry Hamper - Small Dinosaurs,1,99.00,37,
,250126GHDSBJC7,S20-SLCAPD-R3CB,Silicone Case Bluetooth Earphones - 3rd Gen - Carbon Fiber Texture - Black,1,119.00,31,
,250126GUVTHNXC,S11-LDHAMP-MGBY,Laundry Hamper - Medium Gray Bunny,1,159.00,37,
,250126GWVXUVGD,S28-GRWBG2-LB02,Gardening Grow Bag Design 2 - Light Brown - 2 Gallon (20*20cm),2,38.00,36,
,250126GWXT1W4X,S20-SLCAPD-R1SW,Silicone Case Bluetooth Earphones - 3rd Gen - Switch,1,69.00,38,
,250126GX5KDWPB,S30-LMSWST-BK95,Plain Leather Magsafe Snap On Wallet with Stand - Black 9.5,1,199.00,39,
,250126H0D82Y2E,S28-GRWBG2-LB10,Gardening Grow Bag Design 2 - Light Brown - 10 Gallon (40*30cm),2,89.00,39,
,250126H1W9DVPS,S06-LDHAMP-LHPP,Laundry Hamper - Large Hippo,1,199.00,31,
,250126H1W9DVPS,S19-LDHAMP-LDFR,Laundry Hamper - Large Drawstring Forest,1,219.00,24,
,250126H3S4BFEV,S30-LMSWST-BK95,Plain Leather Magsafe Snap On Wallet with Stand - Black 9.5,1,199.00,39,
,250126H3S4BFEV,S38-CLSPCH-SBLK,Auto-close Silicone Pouch - Small Black,1,39.00,38,
,250126H6G29JTD,S30-LMSWST-BK95,Plain Leather Magsafe Snap On Wallet with Stand - Black 9.5,2,199.00,39,
,250126H8PHN5FS,S31-FELTBG-MPNK,Felt Insert Bag with Multi Pockets - Pink Medium (26*20*13cm),1,140.00,38,
,250126H8PHN5FS,S31-FELTBG-MBEG,Felt Insert Bag with Multi Pockets - Beige Medium (26*20*13cm),1,140.00,40,
,250126HGWMPYQR,S31-FELTBG-SPNK,Felt Insert Bag with Multi Pockets - Pink Small (21*17*13cm),1,118.00,38,
,250126HGWMPYQR,S31-FELTBG-SBEG,Felt Insert Bag with Multi Pockets - Beige Small (21*17*13cm),1,118.00,40,
,250126HHAW51B2,S19-LDHAMP-MSBL,Laundry Hamper - Medium Sports Balls,1,159.00,32,
,250126HJM16ECV,S11-LDHAMP-MCGR,Laundry Hamper - Medium Colorful Graffiti,1,159.00,33,
,250127HNAV70G2,S30-LMSWST-BK95,Plain Leather Magsafe Snap On Wallet with Stand - Black 9.5,1,199.00,39,
,250127HRHKGJ9E,S30-LMSWST-BK95,Plain Leather Magsafe Snap On Wallet with Stand - Black 9.5,1,199.00,39,
,250127J6B0DY0S,S30-LMSWST-BK95,Plain Leather Magsafe Snap On Wallet with Stand - Black 9.5,1,199.00,39,
,250127JGE6X994,S13-MNYCLP-SLVR,Money Clip Steel - Silver,2,39.00,31,
,250127JHX0NWD5,S31-FELTBG-MBEG,Felt Insert Bag with Multi Pockets - Beige Medium (26*20*13cm),1,140.00,40,
,250127JKP6B0G8,S25-LDHAMP-LVDN,Laundry Hamper - Large Dark Blue Varying Dinosaurs,1,195.00,38,
,250127K2CFBQ4M,S20-SLCAPD-R3CW,Silicone Case Bluetooth Earphones - 3rd Gen - Carbon Fiber Texture - White,1,119.00,38,
,250127K3UEBFQ6,S31-FELTBG-MNVY,Felt Insert Bag with Multi Pockets - Navy Medium (26*20*13cm),1,140.00,38,
,250127K59V4GJQ,S31-FELTBG-LNVY,Felt Insert Bag with Multi Pockets - Navy Large (28*25*17cm),1,189.00,37,
,250127KDCMX843,S10-LDHAMP-SCAT,Laundry Hamper - Small Cats,1,99.00,35,
,250127KND918P3,S31-FELTBG-SNVY,Felt Insert Bag with Multi Pockets - Navy Small (21*17*13cm),1,118.00,40,
,250127KU7S2M94,S06-LDHAMP-LHPP,Laundry Hamper - Large Hippo,1,199.00,31,
,250127KU7S2M94,S30-TNSHBG-BLCK,Transparent Shoe Bag - Black,1,90.00,33,
,250127KU7S2M94,S30-TNSHBG-SBLU,Transparent Shoe Bag - Sky Blue,1,90.00,32,
,250127KX7FC1S9,S30-LMSWST-BK95,Plain Leather Magsafe Snap On Wallet with Stand - Black 9.5,1,199.00,39,
,250127KYQQAMFC,S31-FELTBG-MBLK,Felt Insert Bag with Multi Pockets - Black Medium (26*20*13cm),1,140.00,38,
,250127M0J82DSG,S19-WBKEND-WLQ0,Wooden Bookend - Dark Walnut Large Square No Logo,2,279.00,31,
,250127M2Y1PJNW,S20-SLCAPD-P2CR,Silicone Case Bluetooth Earphones - Pro 2nd Gen - Carbon Fiber Texture - Red,1,119.00,30,
,250102DWKMJXKC,S02-TOILOR-GRAY,Travel Toiletry Organizer - Gray,1,129.00,30,
,250102DWKMJXKC,S32-ACPPCH-LGRS,Auto-close PU Leather Pouch - Large Green Shiny,1,20.00,32,
,250102EYK27XCM,S11-SQTOIL-GRAY,Square Toiletry Organizer - Gray,1,149.00,28,
,250102FCY2YD3A,S04-WBKEND-0SQR,Wooden Bookend - No Print Square Corner,4,85.00,29,
,250103HGK9SKVW,S04-WBKEND-0SQR,Wooden Bookend - No Print Square Corner,2,85.00,29,
,250104K64YYEA6,S04-WBKEND-0RND,Wooden Bookend - No Print Round Corner,2,85.00,35,
,250104KB6EXP8J,S04-WBKEND-0RND,Wooden Bookend - No Print Round Corner,12,85.00,35,
,250104M378WRYG,S15-WBKEND-WSQ0,Wooden Bookend - Dark Walnut Small Square No Logo,1,149.00,33,
,250105MQTH698F,S02-TOILOR-GRAY,Travel Toiletry Organizer - Gray,1,129.00,30,
,250106QRPS0BDS,S15-WBKEND-WSQ0,Wooden Bookend - Dark Walnut Small Square No Logo,1,149.00,33,
,2501226RY3MFS1,S02-TOILOR-GRAY,Travel Toiletry Organizer - Gray,1,85.00,30,
,2501226RY3MFS1,S02-TOILOR-WINE,Travel Toiletry Organizer - Wine,1,85.00,30,
,2501226RY3MFS1,S02-TOILOR-BLAK,Travel Toiletry Organizer - Black,1,85.00,30,
,2501226RY3MFS1,S02-TOILOR-NAVY,Travel Toiletry Organizer - Navy,1,85.00,30,
,250125DVYC36PE,S02-TOILOR-BLAK,Travel Toiletry Organizer - Black,1,85.00,30,
,250126H93U1TX8,S19-WBKEND-WLQ0,Wooden Bookend - Dark Walnut Large Square No Logo,1,239.00,31,
,250126H93U1TX8,S15-WBKEND-WSQ0,Wooden Bookend - Dark Walnut Small Square No Logo,1,149.00,33,
,250126HA6YD8A3,S04-WBKEND-0RND,Wooden Bookend - No Print Round Corner,1,85.00,35,
,250127JGU04T5A,S02-TOILOR-BLAK,Travel Toiletry Organizer - Black,1,85.00,30,
,250129RN1U2YNV,S04-WBKEND-0SQR,Wooden Bookend - No Print Square Corner,1,85.00,29,
,250129RTJ25X70,S02-TOILOR-GRAY,Travel Toiletry Organizer - Gray,1,85.00,30,
,250129RTJ25X70,S02-TOILOR-NAVY,Travel Toiletry Organizer - Navy,1,85.00,30,
,250130TDP1634C,S02-TOILOR-BLAK,Travel Toiletry Organizer - Black,1,85.00,30,
,250130TF26FYR8,S02-TOILOR-GRAY,Travel Toiletry Organizer - Gray,1,85.00,30,
,250131V67JBBR0,S02-TOILOR-NAVY,Travel Toiletry Organizer - Navy,1,85.00,30,
,577735722715808969,S26-MKYHDR-SLVR,Metal Key Holder - Silver,1,69.00,35,
,577744725099841267,S26-MKYHDR-BLCK,Metal Key Holder - Black,1,69.00,35,
,577748930696938713,S05-RFIDWL-SLVR,RFID Card Wallet - Silver,3,55.00,28,
,577748930696938713,S05-RFIDWL-GRAY,RFID Card Wallet - Gray,2,55.00,35,
,577748930696938713,S05-RFIDWL-BLCK,RFID Card Wallet - Black,3,55.00,35,
,577748930696938713,S05-RFIDWL-BLUE,RFID Card Wallet - Blue,1,55.00,28,
,577751635293472716,S30-LMSWST-BK95,Plain Leather Magsafe Snap On Wallet with Stand - Black 9.5,1,199.00,39,
,577758166254192320,S26-MKYHDR-SLVR,Metal Key Holder - Silver,1,69.00,35,
,577758166254192320,S26-MKYHDR-BLCK,Metal Key Holder - Black,1,69.00,35,
,577775337931507250,S30-LMSWST-BK95,Plain Leather Magsafe Snap On Wallet with Stand - Black 9.5,1,199.00,39,
,577805210130482190,S26-MKYHDR-BLCK,Metal Key Holder - Black,1,69.00,35,
,250128MBSS861G,S28-GRWBG2-BK20,Gardening Grow Bag Design 2 - Black - 20 Gallon (50*40cm),1,109.00,39,
,250128ME29J3SF,S20-SLCAPD-R3CB,Silicone Case Bluetooth Earphones - 3rd Gen - Carbon Fiber Texture - Black,1,119.00,31,
,250128MFC0NX58,S10-LDHAMP-LRBT,Laundry Hamper - Large Rabbit,1,185.00,33,
,250128MWVDST0X,S31-FELTBG-MBEG,Felt Insert Bag with Multi Pockets - Beige Medium (26*20*13cm),2,140.00,40,
,250128MWVDST0X,S31-FELTBG-LBEG,Felt Insert Bag with Multi Pockets - Beige Large (28*25*17cm),2,189.00,38,
,250128N53R4RFV,S31-LMSWST-BN95,Plain Leather Magsafe Snap On Wallet with Stand - Brown 9.5,1,195.00,40,
,250128N577R543,S20-PHWGHA-BLCK,Portable Hanging Digital Weighing Scale - Black,2,168.00,28,
,250128N66XFTF8,S13-MNYCLP-SLVR,Money Clip Steel - Silver,1,39.00,31,
,250128N6M8R750,S31-GRWBG2-LB07,Gardening Grow Bag Design 2 - Light Brown - 7 Gallon (35*30cm),4,79.00,38,
,250128N7YPA0NH,S19-LDHAMP-MCTV,Laundry Hamper - Medium Construction Vehicles,1,159.00,33,
,250128N84B1NBF,S28-GRWBG2-BK10,Gardening Grow Bag Design 2 - Black - 10 Gallon (40*30cm),1,79.00,39,
,250128N84B1NBF,S28-GRWBG2-BK20,Gardening Grow Bag Design 2 - Black - 20 Gallon (50*40cm),1,109.00,39,
,250128N84B1NBF,S28-GRWBG2-GY02,Gardening Grow Bag Design 2 - Gray - 2 Gallon (20*20cm),4,39.00,35,
,250128N84B1NBF,S28-GRWBG2-GY03,Gardening Grow Bag Design 2 - Gray - 3 Gallon (25*22cm),2,45.00,36,
,250128NGPC3V34,S30-LMSWST-BK95,Plain Leather Magsafe Snap On Wallet with Stand - Black 9.5,2,199.00,40,
,250128NGPC3V34,S31-LMSWST-PR95,Plain Leather Magsafe Snap On Wallet with Stand - Purple 9.5,1,195.00,40,
,250128NGXHBEKM,S08-LDHAMP-LOWL,Laundry Hamper - Large Owl,1,199.00,31,
,250128NGXHBEKM,S08-LDHAMP-LPDN,Laundry Hamper - Large Pink Dinosaur,1,199.00,38,
,250128NGYB3CUK,S20-SLCAPD-R3CW,Silicone Case Bluetooth Earphones - 3rd Gen - Carbon Fiber Texture - White,1,119.00,38,
,250128NPVD9G7T,S11-DIACO1-RWHT,Diatomite Coaster Design 1 - Hard - Round White,6,45.00,36,
,250128NQ1SVGJB,S31-LMSWST-GR95,Plain Leather Magsafe Snap On Wallet with Stand - Green 9.5,1,195.00,39,
,250128NQ3UNTH0,S31-COLTWL-GREN,Microfiber Cooling Towel (30*80cm)  - Green,1,25.00,38,
,250128NQ3UNTH0,S31-COLTWL-ORNG,Microfiber Cooling Towel (30*80cm)  - Orange,1,25.00,41,
,250128NQ3UNTH0,S31-COLTWL-VLET,Microfiber Cooling Towel (30*80cm)  - Violet,1,25.00,41,
,250128NQ3UNTH0,S31-COLTWL-FUSA,Microfiber Cooling Towel (30*80cm)  - Fuschia,1,25.00,41,
,250128NUB5C74N,S28-GRWBG2-BK02,Gardening Grow Bag Design 2 - Black - 2 Gallon (20*20cm),2,29.00,37,
,250128NUB5C74N,S28-GRWBG2-BK03,Gardening Grow Bag Design 2 - Black - 3 Gallon (25*22cm),3,39.00,39,
,250128NUB5C74N,S28-GRWBG2-BK20,Gardening Grow Bag Design 2 - Black - 20 Gallon (50*40cm),3,109.00,39,
,250128NWWQ2J31,S13-MNYCLP-SLVR,Money Clip Steel - Silver,1,39.00,31,
,250128P25QK4DA,S19-LDHAMP-LSBL,Laundry Hamper - Large Sports Balls,1,199.00,28,
,250128P3QYGPT2,S31-FELTBG-MBEG,Felt Insert Bag with Multi Pockets - Beige Medium (26*20*13cm),1,140.00,40,
,250128P5X7969G,S28-GRWBG2-GN20,Gardening Grow Bag Design 2 - Green - 20 Gallon (50*40cm),8,119.00,39,
,250128PAABF769,S30-LMSWST-BK95,Plain Leather Magsafe Snap On Wallet with Stand - Black 9.5,1,199.00,40,
,250128PAYAVCS8,S31-FELTBG-SBEG,Felt Insert Bag with Multi Pockets - Beige Small (21*17*13cm),1,118.00,40,
,250128PCN1DCA2,S31-FELTBG-MPNK,Felt Insert Bag with Multi Pockets - Pink Medium (26*20*13cm),1,140.00,38,
,250128PE2X0C1G,S14-PCTOIL-REDD,Pouch Toiletry Organizer - Red,1,139.00,37,
,250129PSA8ET0H,S20-SLCAPD-R3CB,Silicone Case Bluetooth Earphones - 3rd Gen - Carbon Fiber Texture - Black,1,119.00,31,
,250129PUYC5APY,S32-MKYHDR-ORNG,Metal Key Holder - Orange,1,69.00,37,
,250129PWY0980C,S27-APDCSE-SBP2,Airpod Case - Side Lock Style - Black - Pro 2nd Gen,1,159.00,37,
,250129QDU1HMF0,S21-LDHAMP-LCTV,Laundry Hamper - Large Construction Vehicles,1,199.00,32,
,250129QGJYVJQJ,S19-FELTFO-MBLK,Felt Foldable Organizer - Medium Black,1,85.00,36,
,250129QJFSAWT6,S28-GRWBG2-BK05,Gardening Grow Bag Design 2 - Black - 5 Gallon (30*25cm),3,49.00,38,
,250129QJYVBNAQ,S30-LMSWST-BK95,Plain Leather Magsafe Snap On Wallet with Stand - Black 9.5,1,199.00,40,
,250129QQCPEVVN,S22-MNYCLP-SDLR,Money Clip Steel - Silver Dollar Sign,1,65.00,29,
,250129QRHST3M8,S13-MNYCLP-SLVR,Money Clip Steel - Silver,1,39.00,31,
,250129QRHST3M8,S13-MNYCLP-GOLD,Money Clip Steel - Gold,1,42.00,31,
,250129QS9QJJJ5,S14-PCTOIL-BRWN,Pouch Toiletry Organizer - Brown,1,139.00,37,
,250129QXNFMDUK,S26-RFIDMC-PLGY,RFID Card Wallet with Money Clip - Plain Gray,1,239.00,34,
,250129QY0N8WYG,S13-MNYCLP-SLVR,Money Clip Steel - Silver,1,39.00,31,
,250129QY0N8WYG,S13-MNYCLP-GOLD,Money Clip Steel - Gold,1,42.00,31,
,250129R3WQ2V86,S22-ATMSST-REDD,Alligator Skin Textured Magsafe Wallet with Stand - Red,1,189.00,22,
,250129R5T9WYED,S19-WBKEND-WLR0,Wooden Bookend - Dark Walnut Large Round No Logo,1,279.00,35,
,250129R7PCHXT2,S13-MNYCLP-GOLD,Money Clip Steel - Gold,4,42.00,31,
,250129RC48YU58,S06-LDHAMP-LHPP,Laundry Hamper - Large Hippo,1,199.00,31,
,250129RDSK3CAT,S13-MNYCLP-SLVR,Money Clip Steel - Silver,1,39.00,31,
,250129REN933RN,S27-SLCAPD-3CBK,Silicone Case Bluetooth Earphones - 3rd Gen - Controller - Black,1,169.00,36,
,250129REN933RN,S27-SLCAPD-3CGR,Silicone Case Bluetooth Earphones - 3rd Gen - Controller - Gray,1,169.00,31,
,250129REN933RN,S31-SLCAPD-MLR3,Silicone Case Bluetooth Earphones - 3rd Gen - Marshall,1,69.00,38,
,250129RMMMKBPC,S30-GRWBG2-BK07,Gardening Grow Bag Design 2 - Black - 7 Gallon (35*30cm),2,59.00,39,
,250129RUFQYG7S,S01-LDHAMP-LDUK,Laundry Hamper - Large Duck,1,179.00,33,
,250129RVAAQ0GH,S31-LMSWST-NV95,Plain Leather Magsafe Snap On Wallet with Stand - Navy 9.5,1,195.00,40,
,250129RWHV63E2,S30-TNSHBG-BLCK,Transparent Shoe Bag - Black,1,90.00,33,
,250129RWUK3KX0,S27-SLCAPD-2PCG,Silicone Case Bluetooth Earphones - Pro 2nd Gen - Controller - Gray,1,169.00,35,
,250129S1HY3XPQ,S30-LMSWST-BK95,Plain Leather Magsafe Snap On Wallet with Stand - Black 9.5,1,199.00,40,
,250129S1HY3XPQ,S31-LMSWST-YW95,Plain Leather Magsafe Snap On Wallet with Stand - Yellow 9.5,1,195.00,39,
,250129S5SQ2C8S,S28-GRWBG2-GN05,Gardening Grow Bag Design 2 - Green - 5 Gallon (30*25cm),6,55.00,38,
,250130SBNK0WBP,S22-MNYCLP-SDLR,Money Clip Steel - Silver Dollar Sign,2,65.00,29,
,250130SBNK0WBP,S13-MNYCLP-GOLD,Money Clip Steel - Gold,10,42.00,31,
,250130STQA89NY,S19-LDHAMP-MCTV,Laundry Hamper - Medium Construction Vehicles,1,159.00,33,
,250130STSEX4RR,S31-FELTBG-LBEG,Felt Insert Bag with Multi Pockets - Beige Large (28*25*17cm),1,189.00,38,
,250130T0GTTT8R,S31-FELTBG-SBLK,Felt Insert Bag with Multi Pockets - Black Small (21*17*13cm),1,118.00,38,
,250130T1M410B8,S14-PCTOIL-BRWN,Pouch Toiletry Organizer - Brown,1,139.00,37,
,250130T6B74V4X,S14-PCTOIL-REDD,Pouch Toiletry Organizer - Red,2,139.00,37,
,250130T6B74V4X,S14-PCTOIL-BRWN,Pouch Toiletry Organizer - Brown,1,139.00,37,
,250130T8WXHV87,S28-GRWBG2-LB03,Gardening Grow Bag Design 2 - Light Brown - 3 Gallon (25*22cm),3,45.00,35,
,250130T8WXHV87,S28-GRWBG2-BK02,Gardening Grow Bag Design 2 - Black - 2 Gallon (20*20cm),5,29.00,37,
,250130TAGVDBAA,S10-LDHAMP-SDIN,Laundry Hamper - Small Dinosaurs,1,99.00,37,
,250130TBJ5K6AS,S31-LMSWST-BN95,Plain Leather Magsafe Snap On Wallet with Stand - Brown 9.5,1,195.00,40,
,250130TCXA0JS5,S27-APDCSE-SBP2,Airpod Case - Side Lock Style - Black - Pro 2nd Gen,1,159.00,37,
,250130TN0KHUF8,S30-LMSWST-BK95,Plain Leather Magsafe Snap On Wallet with Stand - Black 9.5,1,199.00,40,
,250130TPPU88XR,S31-LMSWST-PR95,Plain Leather Magsafe Snap On Wallet with Stand - Purple 9.5,1,195.00,40,
,250130TR5NEX9Q,S27-APDCSE-SWP2,Airpod Case - Side Lock Style - White - Pro 2nd Gen,1,159.00,38,
,250130TRATDHAU,S19-WBKEND-WLR0,Wooden Bookend - Dark Walnut Large Round No Logo,4,279.00,35,
,250130TS6DHSRJ,S31-LMSWST-GR95,Plain Leather Magsafe Snap On Wallet with Stand - Green 9.5,1,195.00,39,
,250130TS6DHSRJ,S31-LMSWST-PR95,Plain Leather Magsafe Snap On Wallet with Stand - Purple 9.5,1,195.00,40,
,250130TT7HY08A,S19-WBKEND-WLQ0,Wooden Bookend - Dark Walnut Large Square No Logo,1,279.00,31,
,250130TTGAC391,S28-SPGCSE-BKP2,Spigen Airpod Case - Black - Pro 2nd Gen,1,149.00,33,
,250130TTGPR7QB,S30-LMSWST-BK95,Plain Leather Magsafe Snap On Wallet with Stand - Black 9.5,1,199.00,40,
,250130U07GKN42,S20-SLCAPD-P2CY,Silicone Case Bluetooth Earphones - Pro 2nd Gen - Carbon Fiber Texture - Yellow,1,119.00,31,
,250130U07ND9CB,S28-GRWBG2-BK20,Gardening Grow Bag Design 2 - Black - 20 Gallon (50*40cm),1,109.00,39,
,250130U450H2E4,S28-GRWBG2-LB03,Gardening Grow Bag Design 2 - Light Brown - 3 Gallon (25*22cm),2,45.00,35,
,250130U450H2E4,S31-GRWBG2-GY07,Gardening Grow Bag Design 2 - Gray - 7 Gallon (35*30cm),3,79.00,38,
,250130UF2FADE7,S20-SLCAPD-R3CB,Silicone Case Bluetooth Earphones - 3rd Gen - Carbon Fiber Texture - Black,1,119.00,31,
,250130UFKPGXRW,S02-TOILOR-GRAY,Travel Toiletry Organizer - Gray,1,199.00,30,
,250130UFWM2UQ7,S08-FOLDFL-LLGY,Foldable File Organizer - Large Light Gray,1,89.00,28,
,250130UGB452G7,S28-SLCAPD-NCP2,Silicone Case Bluetooth Earphones - Pro 2nd Gen - Famicom,1,79.00,33,
,250130UJ4D2YV0,S06-LDHAMP-LPEN,Laundry Hamper - Large Penguin,1,199.00,35,
,250130UJ5USTAF,S30-LMSWST-BK95,Plain Leather Magsafe Snap On Wallet with Stand - Black 9.5,1,199.00,40,
,250130UJW6JBGB,S27-SPNSS4-DGRN,Spatter-proof Nailcutter Set (Set of 4) - Dark Green,2,88.00,35,
,250130UMS3ERMG,S19-LDHAMP-MEXC,Laundry Hamper - Medium Excavator,1,159.00,25,
,250131UPNJFG35,S31-FELTBG-LNVY,Felt Insert Bag with Multi Pockets - Navy Large (28*25*17cm),1,189.00,37,
,250131UPQR198D,S31-LMSWST-BN95,Plain Leather Magsafe Snap On Wallet with Stand - Brown 9.5,1,195.00,40,
,250131UQS19H64,S15-WBKEND-WSR0,Wooden Bookend - Dark Walnut Small Round No Logo,1,179.00,33,
,250131UW6JH7GF,S28-GRWBG2-LB10,Gardening Grow Bag Design 2 - Light Brown - 10 Gallon (40*30cm),3,89.00,39,
,250131UW6JH7GF,S28-GRWBG2-LB20,Gardening Grow Bag Design 2 - Light Brown - 20 Gallon (50*40cm),3,119.00,38,
,250131V3M7VNCP,S31-FELTBG-MBEG,Felt Insert Bag with Multi Pockets - Beige Medium (26*20*13cm),1,140.00,40,
,250131V54B3UC0,S28-GRWBG2-GN20,Gardening Grow Bag Design 2 - Green - 20 Gallon (50*40cm),2,119.00,39,
,250131VPU09TMU,S27-SLCAPD-3CGR,Silicone Case Bluetooth Earphones - 3rd Gen - Controller - Gray,1,169.00,31,
,250131VPU09TMU,S28-SLCAPD-PBR3,Silicone Case Bluetooth Earphones - 3rd Gen - Pokeball,1,69.00,36,
,250131VWRTDM48,S30-LMSWST-BK95,Plain Leather Magsafe Snap On Wallet with Stand - Black 9.5,1,199.00,40,
,250131017V8M0H,S20-SLCAPD-R3CW,Silicone Case Bluetooth Earphones - 3rd Gen - Carbon Fiber Texture - White,1,119.00,38,
,2501310DSB716T,S30-GRWBG2-BK07,Gardening Grow Bag Design 2 - Black - 7 Gallon (35*30cm),5,59.00,39,
,2501310F7P5ATT,S22-LDHAMP-MGCB,Laundry Hamper - Medium Green Cloud Bear,1,155.00,31,
,2501310J9D9VKK,S30-LMSWST-BK95,Plain Leather Magsafe Snap On Wallet with Stand - Black 9.5,1,199.00,40,
,2501310QHQK4R7,S13-MNYCLP-SLVR,Money Clip Steel - Silver,2,39.00,31,
,2501310WR37QNC,S30-LMSWST-BK95,Plain Leather Magsafe Snap On Wallet with Stand - Black 9.5,1,199.00,40,
,2501310YR9FRCA,S30-LMSWST-BK95,Plain Leather Magsafe Snap On Wallet with Stand - Black 9.5,1,199.00,40,
,25013110ADAQVD,S22-LDHAMP-MVDN,Laundry Hamper - Medium Dark Blue Varying Dinosaurs,1,155.00,34,
,25013110ADAQVD,S10-LDHAMP-SDIN,Laundry Hamper - Small Dinosaurs,1,99.00,37,
,25013110STCEGG,S19-FELTFO-MBLK,Felt Foldable Organizer - Medium Black,2,85.00,36,
,25013112J1YWP8,S28-GRWBG2-GN05,Gardening Grow Bag Design 2 - Green - 5 Gallon (30*25cm),10,55.00,38,
,956318465504218,S27-MNYCLP-BDLR,Money Clip Steel - Black Dollar Sign,3,88.00,28,
,963353702042691,S24-APDCSE-HBP2,Airpod Case - Headset Lock Style - Black - Pro 2nd Gen,1,149.00,31,
,963391713257586,S31-LMSWST-BN95,Plain Leather Magsafe Snap On Wallet with Stand - Brown 9.5,1,199.00,40,
,956419631379671,S06-LDHAMP-LLCW,Laundry Hamper - Large Lion Crown,1,199.00,35,
,956446484681258,S22-LMSWST-BLCK,Plain Leather Magsafe Snap On Wallet with Stand - Black,1,149.00,32,
,956561020204383,S28-GRWBG2-BK10,Gardening Grow Bag Design 2 - Black - 10 Gallon (40*30cm),7,79.00,39,
,963603352576862,S30-LMSWST-BK95,Plain Leather Magsafe Snap On Wallet with Stand - Black 9.5,1,199.00,40,
,963616146224540,S20-SLCAPD-R1SW,Silicone Case Bluetooth Earphones - 3rd Gen - Switch,1,69.00,38,
,963672524882175,S27-APDCSE-SWP2,Airpod Case - Side Lock Style - White - Pro 2nd Gen,1,159.00,38,
,963699902622470,S22-LMSWST-BLCK,Plain Leather Magsafe Snap On Wallet with Stand - Black,1,149.00,32,
,963683583561941,S02-TOILOR-BLAK,Travel Toiletry Organizer - Black,1,125.00,30,
,956699266545840,S28-GRWBG2-BK05,Gardening Grow Bag Design 2 - Black - 5 Gallon (30*25cm),20,49.00,38,
,956696204277404,S26-RFIDMC-PLSR,RFID Card Wallet with Money Clip - Plain Silver,1,239.00,38,
,963841928105102,S31-LMSWST-PR95,Plain Leather Magsafe Snap On Wallet with Stand - Purple 9.5,1,199.00,40,
,956863465882032,S31-LMSWST-PR95,Plain Leather Magsafe Snap On Wallet with Stand - Purple 9.5,1,199.00,40,
,963896376566926,S02-TOILOR-BLAK,Travel Toiletry Organizer - Black,1,199.00,30,
,956942466804138,S27-LMSWS2-BLCK,Plain Leather Magsafe Snap On Wallet with Stand Design 2 - Black,1,139.00,37,
,963955774502710,S19-LDHAMP-LDRH,Laundry Hamper - Large Drawstring Rocking Horse,1,219.00,19,
,963955593444857,S11-LDHAMP-MRSY,Laundry Hamper - Medium Red Strawberry,1,159.00,35,
,963986764216556,S22-LMSWST-BLCK,Plain Leather Magsafe Snap On Wallet with Stand - Black,2,149.00,32,
,956992236258549,S22-LDHAMP-MVDN,Laundry Hamper - Medium Dark Blue Varying Dinosaurs,1,159.00,34,
,964152139528079,S10-LDHAMP-SCAT,Laundry Hamper - Small Cats,1,99.00,38,
,957220264284337,S30-LMSWST-BK95,Plain Leather Magsafe Snap On Wallet with Stand - Black 9.5,1,199.00,40,
,964239537446144,S02-TOILOR-BLAK,Travel Toiletry Organizer - Black,1,125.00,30,
,957247680645175,S28-GRWBG2-GN05,Gardening Grow Bag Design 2 - Green - 5 Gallon (30*25cm),5,55.00,38,
,957247680645175,S30-GRWBG2-GN07,Gardening Grow Bag Design 2 - Green - 7 Gallon (35*30cm),5,75.00,37,
,957277605231379,S28-GRWBG2-BK02,Gardening Grow Bag Design 2 - Black - 2 Gallon (20*20cm),4,29.00,"37, 39",
,964297521550579,S31-LMSWST-NV95,Plain Leather Magsafe Snap On Wallet with Stand - Navy 9.5,1,199.00,40,
,957353896887101,S14-CUPCVR-CEPW,Cup Cover - Cat Ears - Pink / White,1,59.00,27,
,957353896887101,S14-CUPCVR-CEOB,Cup Cover - Cat Ears - Orange / Black,1,59.00,27,
,964474385240548,S31-COLTWL-REDD,Microfiber Cooling Towel (30*80cm)  - Red,3,25.00,38,
,964474385240548,S31-COLTWL-VLET,Microfiber Cooling Towel (30*80cm)  - Violet,3,25.00,41,
,964474385240548,S31-COLTWL-BLUE,Microfiber Cooling Towel (30*80cm)  - Blue,3,25.00,41,
,964474385240548,S31-COLTWL-DGRY,Microfiber Cooling Towel (30*80cm)  - Dark Gray,1,25.00,38,
,957565611908193,S02-TOILOR-BLAK,Travel Toiletry Organizer - Black,4,199.00,30,
,957557638409068,S28-GRWBG2-GN20,Gardening Grow Bag Design 2 - Green - 20 Gallon (50*40cm),7,119.00,39,
,957570476951211,S31-LMSWST-BN95,Plain Leather Magsafe Snap On Wallet with Stand - Brown 9.5,1,199.00,40,